<?xml version="1.0" encoding="utf-8"?>
<eml:eml xmlns:eml="eml://ecoinformatics.org/eml-2.1.1" xmlns:xsi="http://www.w3.org/2001/XMLSchema-instance"
         xsi:schemaLocation="eml://ecoinformatics.org/eml-2.1.1 http://rs.gbif.org/schema/eml-gbif-profile/1.1/eml.xsd"
        packageId="41a910f3-db13-4520-a3b2-199edb4a32ea"  system="http://gbif.org" scope="system"
  xml:lang="en">

<dataset>
      <alternateIdentifier>doi:10.15468/euqjrh</alternateIdentifier>
        <alternateIdentifier>http://ipt.vertnet.org:8080/ipt/resource?r=hsu_wildlife_mammals</alternateIdentifier>
        <alternateIdentifier>http://ipt.vertnet.org:8080/ipt/resource.do?r=hsu_wildlife_mammals</alternateIdentifier>
        <alternateIdentifier>41a910f3-db13-4520-a3b2-199edb4a32ea</alternateIdentifier>
        <alternateIdentifier>14033</alternateIdentifier>
    <title>HSU Wildlife Mammals</title>
    <creator>
    <individualName>
<givenName>Tamar</givenName>        <surName>Danufsky</surName>
    </individualName>
<organizationName>Humboldt State University, Wildlife Department</organizationName><positionName>Museum Curator</positionName>    <address>
<deliveryPoint>1 Harpst Street</deliveryPoint><city>Arcata</city><administrativeArea>CA</administrativeArea><postalCode>95521</postalCode><country>UNITED_STATES</country>    </address>
<phone>707-826-4034</phone><electronicMailAddress>tamar.danufsky@humboldt.edu</electronicMailAddress><onlineUrl>http://www.humboldt.edu/wildmuseum</onlineUrl>    </creator>
    <metadataProvider>
    <individualName>
<givenName>Tamar</givenName>        <surName>Danufsky</surName>
    </individualName>
<organizationName>Humboldt State University, Wildlife Department</organizationName><positionName>Museum Curator</positionName>    <address>
<deliveryPoint>1 Harpst Street</deliveryPoint><city>Arcata</city><administrativeArea>CA</administrativeArea><postalCode>95521</postalCode><country>UNITED_STATES</country>    </address>
<phone>707-826-4034</phone><electronicMailAddress>tamar.danufsky@humboldt.edu</electronicMailAddress><onlineUrl>http://www.humboldt.edu/wildmuseum</onlineUrl>    </metadataProvider>
    <associatedParty>
    <individualName>
<givenName>Laura</givenName>        <surName>Russell</surName>
    </individualName>
<organizationName>VertNet</organizationName><positionName>VertNet Programmer</positionName><electronicMailAddress>larussell@vertnet.org</electronicMailAddress>    <role>PROGRAMMER</role>
    </associatedParty>
    <associatedParty>
    <individualName>
<givenName>David</givenName>        <surName>Bloom</surName>
    </individualName>
<organizationName>VertNet</organizationName><positionName>VertNet Coordinator</positionName><electronicMailAddress>dbloom@vertnet.org</electronicMailAddress>    <role>PROGRAMMER</role>
    </associatedParty>
    <associatedParty>
    <individualName>
<givenName>John</givenName>        <surName>Wieczorek</surName>
    </individualName>
<organizationName>Museum of Vertebrate Zoology at Berkeley</organizationName><positionName>Information Architect</positionName><electronicMailAddress>tuco@berkeley.edu</electronicMailAddress>    <role>PROGRAMMER</role>
    </associatedParty>
      <pubDate>
      2016-12-22
      </pubDate>
    <language>ENGLISH</language>
    <abstract>
        <para>Humboldt State University Wildlife Department mammal skins, osteology, and live mounts.</para>
    </abstract>
        <keywordSet>
              <keyword>Occurrence</keyword>
              <keywordThesaurus>GBIF Dataset Type Vocabulary: http://rs.gbif.org/vocabulary/gbif/dataset_type.xml</keywordThesaurus>
        </keywordSet>
        <keywordSet>
              <keyword>Specimen</keyword>
              <keywordThesaurus>GBIF Dataset Subtype Vocabulary: http://rs.gbif.org/vocabulary/gbif/dataset_subtype.xml</keywordThesaurus>
        </keywordSet>
      <additionalInfo>
          <para>http://vertnet.org/resources/norms.html</para>
      </additionalInfo>
      <intellectualRights>
        <para>To the extent possible under law, the publisher has waived all rights to these data and has dedicated them to the <ulink url="http://creativecommons.org/publicdomain/zero/1.0/legalcode"><citetitle>Public Domain (CC0 1.0)</citetitle></ulink>. Users may copy, modify, distribute and use the work, including for commercial purposes, without restriction.</para>
      </intellectualRights>
      <maintenance>
          <description>
              <para></para>
          </description>
          <maintenanceUpdateFrequency>unkown</maintenanceUpdateFrequency>
      </maintenance>
      <contact>
    <individualName>
<givenName>Tamar</givenName>        <surName>Danufsky</surName>
    </individualName>
<organizationName>Humboldt State University, Wildlife Department</organizationName><positionName>Museum Curator</positionName>    <address>
<deliveryPoint>1 Harpst Street</deliveryPoint><city>Arcata</city><administrativeArea>CA</administrativeArea><postalCode>95521</postalCode><country>UNITED_STATES</country>    </address>
<phone>707-826-4034</phone><electronicMailAddress>tamar.danufsky@humboldt.edu</electronicMailAddress><onlineUrl>http://www.humboldt.edu/wildmuseum</onlineUrl>      </contact>

</dataset>

<additionalMetadata>
    <metadata>
      <gbif>
        <dateStamp>2017-05-14T13:37:28Z</dateStamp>
      <citation>Danufsky T (2016). HSU Wildlife Mammals. Version 7.1. Humboldt State University. Occurrence Dataset http://doi.org/10.15468/euqjrh accessed via GBIF.org on 2017-05-14.</citation>
        </gbif>
    </metadata>
</additionalMetadata>

</eml:eml>
