<?xml version="1.0" encoding="utf-8"?>
<eml:eml xmlns:eml="eml://ecoinformatics.org/eml-2.1.1" xmlns:xsi="http://www.w3.org/2001/XMLSchema-instance"
         xsi:schemaLocation="eml://ecoinformatics.org/eml-2.1.1 http://rs.gbif.org/schema/eml-gbif-profile/1.1/eml.xsd"
        packageId="423d9318-4dd4-4d31-81cb-27778c44a3bc"  system="http://gbif.org" scope="system"
  xml:lang="en">

<dataset>
      <alternateIdentifier>doi:10.15468/nzdbrf</alternateIdentifier>
        <alternateIdentifier>http://ipt.vertnet.org:8080/ipt/resource?r=mvz_hild</alternateIdentifier>
        <alternateIdentifier>http://ipt.vertnet.org:8080/ipt/resource.do?r=mvz_hild</alternateIdentifier>
        <alternateIdentifier>423d9318-4dd4-4d31-81cb-27778c44a3bc</alternateIdentifier>
        <alternateIdentifier>14799</alternateIdentifier>
    <title>MVZ Hildebrand Collection (Arctos)</title>
    <creator>
    <individualName>
<givenName>Carol</givenName>        <surName>Spencer</surName>
    </individualName>
<organizationName>Museum of Vertebrate Zoology, UC Berkeley</organizationName><positionName>Staff Curator of Herpetology</positionName>    <address>
<deliveryPoint>3101 Valley Life Science Building</deliveryPoint><city>Berkeley</city><administrativeArea>CA</administrativeArea><postalCode>94720-3160</postalCode><country>UNITED_STATES</country>    </address>
<phone>(510) 643-5778</phone><electronicMailAddress>atrox@berkeley.edu</electronicMailAddress><onlineUrl>http://mvz.berkeley.edu</onlineUrl>    </creator>
    <metadataProvider>
    <individualName>
<givenName>Carol</givenName>        <surName>Spencer</surName>
    </individualName>
<organizationName>Museum of Vertebrate Zoology, UC Berkeley</organizationName><positionName>Staff Curator of Herpetology</positionName>    <address>
<deliveryPoint>3101 Valley Life Science Building</deliveryPoint><city>Berkeley</city><administrativeArea>CA</administrativeArea><postalCode>94720-3160</postalCode><country>UNITED_STATES</country>    </address>
<phone>(510) 643-5778</phone><electronicMailAddress>atrox@berkeley.edu</electronicMailAddress><onlineUrl>http://mvz.berkeley.edu</onlineUrl>    </metadataProvider>
    <associatedParty>
    <individualName>
<givenName>Laura</givenName>        <surName>Russell</surName>
    </individualName>
<organizationName>VertNet</organizationName><positionName>VertNet Programmer</positionName><electronicMailAddress>larussell@vertnet.org</electronicMailAddress>    <role>PROGRAMMER</role>
    </associatedParty>
    <associatedParty>
    <individualName>
<givenName>David</givenName>        <surName>Bloom</surName>
    </individualName>
<organizationName>VertNet</organizationName><positionName>VertNet Coordinator</positionName><electronicMailAddress>dbloom@vertnet.org</electronicMailAddress>    <role>PROGRAMMER</role>
    </associatedParty>
    <associatedParty>
    <individualName>
<givenName>John</givenName>        <surName>Wieczorek</surName>
    </individualName>
<organizationName>Museum of Vertebrate Zoology at UC Berkeley</organizationName><positionName>Information Architect</positionName><electronicMailAddress>tuco@berkeley.edu</electronicMailAddress>    <role>PROGRAMMER</role>
    </associatedParty>
    <associatedParty>
    <individualName>
<givenName>Dusty</givenName>        <surName>McDonald</surName>
    </individualName>
<organizationName>University of Alaska Museum</organizationName><positionName>Arctos Database Programmer</positionName><electronicMailAddress>dlmcdonald@alaska.edu</electronicMailAddress><onlineUrl>http://arctos.database.museum</onlineUrl>    <role>POINT_OF_CONTACT</role>
    </associatedParty>
    <associatedParty>
    <individualName>
<givenName>Carla</givenName>        <surName>Cicero</surName>
    </individualName>
<organizationName>Museum of Vertebrate Zoology at UC Berkeley</organizationName><positionName>Staff Curator of Birds</positionName>    <address>
<deliveryPoint>3101 Valley Life Sciences Building</deliveryPoint><city>Berkeley</city><administrativeArea>CA</administrativeArea><postalCode>94720-3160</postalCode><country>UNITED_STATES</country>    </address>
<phone>(510) 642-7868</phone><electronicMailAddress>ccicero@berkeley.edu</electronicMailAddress><onlineUrl>http://mvz.berkeley.edu</onlineUrl>    <role>POINT_OF_CONTACT</role>
    </associatedParty>
    <associatedParty>
    <individualName>
<givenName>Chris</givenName>        <surName>Conroy</surName>
    </individualName>
<organizationName>Museum of Vertebrate Zoology at UC Berkeley</organizationName><positionName>Staff Curator of Mammals</positionName>    <address>
<deliveryPoint>3101 Valley Life Sciences Building</deliveryPoint><city>Berkeley</city><administrativeArea>CA</administrativeArea><postalCode>94720-3160</postalCode><country>UNITED_STATES</country>    </address>
<phone>(510) 643-7709</phone><electronicMailAddress>ondatra@berkeley.edu</electronicMailAddress><onlineUrl>http://mvz.berkeley.edu</onlineUrl>    <role>POINT_OF_CONTACT</role>
    </associatedParty>
    <associatedParty>
    <individualName>
<givenName>Michelle</givenName>        <surName>Koo</surName>
    </individualName>
<organizationName>Museum of Vertebrate Zoology at UC Berkeley</organizationName><positionName>GIS and Bioinformatics Specialist</positionName>    <address>
<deliveryPoint>3101 Valley Life Sciences Building</deliveryPoint><city>Berkeley</city><administrativeArea>CA</administrativeArea><postalCode>94720-3160</postalCode><country>UNITED_STATES</country>    </address>
<phone>(510) 642-8547</phone><electronicMailAddress>,mkoo@berkeley.edu</electronicMailAddress><onlineUrl>http://mvz.berkeley.edu</onlineUrl>    <role>POINT_OF_CONTACT</role>
    </associatedParty>
      <pubDate>
      2017-05-04
      </pubDate>
    <language>ENGLISH</language>
    <abstract>
        <para>The Milton Hildebrand Collection at the MVZ is a special collection of unusual specimen preparations, including freeze-dried displays of muscles, feet, tongues, and other anatomical parts. This collection was created by Milton Hildebrand, Professor Emeritus, University of California at Davis, and a former MVZ graduate student. Hildebrand developed or perfected most of the anatomical techniques used in his specimen preparations, and many items in the collection are cross-referenced to laboratory exercises in vertebrate functional morphology that he designed. The unique and often delicate nature of these anatomical preparations makes them especially valuable for teaching, but also prohibits their availability for loans.</para>
    </abstract>
        <keywordSet>
              <keyword>Occurrence</keyword>
              <keywordThesaurus>GBIF Dataset Type Vocabulary: http://rs.gbif.org/vocabulary/gbif/dataset_type.xml</keywordThesaurus>
        </keywordSet>
        <keywordSet>
              <keyword>Specimen</keyword>
              <keywordThesaurus>GBIF Dataset Subtype Vocabulary: http://rs.gbif.org/vocabulary/gbif/dataset_subtype.xml</keywordThesaurus>
        </keywordSet>
      <additionalInfo>
          <para>http://vertnet.org/resources/norms.html</para>
      </additionalInfo>
      <intellectualRights>
        <para>To the extent possible under law, the publisher has waived all rights to these data and has dedicated them to the <ulink url="http://creativecommons.org/publicdomain/zero/1.0/legalcode"><citetitle>Public Domain (CC0 1.0)</citetitle></ulink>. Users may copy, modify, distribute and use the work, including for commercial purposes, without restriction.</para>
      </intellectualRights>
      <distribution scope="document">
          <online>
              <url function="information">http://mvz.berkeley.edu/Other_Collections.html</url>
          </online>
      </distribution>
      <coverage>
            <geographicCoverage>
                  <geographicDescription>The Milton Hildebrand collection is global, with specimens from all continents.</geographicDescription>
                  <boundingCoordinates>
                      <westBoundingCoordinate>-180</westBoundingCoordinate>
                      <eastBoundingCoordinate>180</eastBoundingCoordinate>
                      <northBoundingCoordinate>90</northBoundingCoordinate>
                      <southBoundingCoordinate>-90</southBoundingCoordinate>
                  </boundingCoordinates>
            </geographicCoverage>
              <taxonomicCoverage>
                    <generalTaxonomicCoverage>Mammalia, Reptilia, Aves, Chondrichthyes, Osteichthyes, Amphibia, Actinopterygii, Agnatha, Enteropneusta, Ascidiacea, Placodermi, Ascidea, Acanthodii.</generalTaxonomicCoverage>
                    <taxonomicClassification>
                          <taxonRankName>Class</taxonRankName>
                        <taxonRankValue>Mammalia</taxonRankValue>
                    </taxonomicClassification>
                    <taxonomicClassification>
                          <taxonRankName>Class</taxonRankName>
                        <taxonRankValue>Reptilia</taxonRankValue>
                    </taxonomicClassification>
                    <taxonomicClassification>
                          <taxonRankName>Class</taxonRankName>
                        <taxonRankValue>Aves</taxonRankValue>
                    </taxonomicClassification>
                    <taxonomicClassification>
                          <taxonRankName>Class</taxonRankName>
                        <taxonRankValue>Chondrichthyes</taxonRankValue>
                    </taxonomicClassification>
                    <taxonomicClassification>
                          <taxonRankName>Class</taxonRankName>
                        <taxonRankValue>Osteichthyes</taxonRankValue>
                    </taxonomicClassification>
                    <taxonomicClassification>
                          <taxonRankName>Class</taxonRankName>
                        <taxonRankValue>Amphibia</taxonRankValue>
                    </taxonomicClassification>
                    <taxonomicClassification>
                          <taxonRankName>Class</taxonRankName>
                        <taxonRankValue>Actinopterygii</taxonRankValue>
                    </taxonomicClassification>
                    <taxonomicClassification>
                          <taxonRankName>Class</taxonRankName>
                        <taxonRankValue>Agnatha</taxonRankValue>
                    </taxonomicClassification>
                    <taxonomicClassification>
                          <taxonRankName>Class</taxonRankName>
                        <taxonRankValue>Enteropneusta</taxonRankValue>
                    </taxonomicClassification>
                    <taxonomicClassification>
                          <taxonRankName>Class</taxonRankName>
                        <taxonRankValue>Ascidiacea</taxonRankValue>
                    </taxonomicClassification>
                    <taxonomicClassification>
                          <taxonRankName>Class</taxonRankName>
                        <taxonRankValue>Placodermi</taxonRankValue>
                    </taxonomicClassification>
                    <taxonomicClassification>
                          <taxonRankName>Class</taxonRankName>
                        <taxonRankValue>Ascidea</taxonRankValue>
                    </taxonomicClassification>
                    <taxonomicClassification>
                          <taxonRankName>Class</taxonRankName>
                        <taxonRankValue>Acanthodii</taxonRankValue>
                    </taxonomicClassification>
              </taxonomicCoverage>
      </coverage>
      <maintenance>
          <description>
              <para></para>
          </description>
          <maintenanceUpdateFrequency>unkown</maintenanceUpdateFrequency>
      </maintenance>
      <contact>
    <individualName>
<givenName>Carol</givenName>        <surName>Spencer</surName>
    </individualName>
<organizationName>Museum of Vertebrate Zoology, UC Berkeley</organizationName><positionName>Staff Curator of Herpetology</positionName>    <address>
<deliveryPoint>3101 Valley Life Science Building</deliveryPoint><city>Berkeley</city><administrativeArea>CA</administrativeArea><postalCode>94720-3160</postalCode><country>UNITED_STATES</country>    </address>
<phone>(510) 643-5778</phone><electronicMailAddress>atrox@berkeley.edu</electronicMailAddress><onlineUrl>http://mvz.berkeley.edu</onlineUrl>      </contact>

</dataset>

<additionalMetadata>
    <metadata>
      <gbif>
        <dateStamp>2017-05-14T13:37:19Z</dateStamp>
      <citation>Spencer C (2017). MVZ Hildebrand Collection (Arctos). Version 36.2. Museum of Vertebrate Zoology. Occurrence Dataset http://doi.org/10.15468/nzdbrf accessed via GBIF.org on 2017-05-14.</citation>
              <livingTimePeriod>1904-1985</livingTimePeriod>
        </gbif>
    </metadata>
</additionalMetadata>

</eml:eml>
