<?xml version="1.0" encoding="utf-8"?>
<eml:eml xmlns:eml="eml://ecoinformatics.org/eml-2.1.1" xmlns:xsi="http://www.w3.org/2001/XMLSchema-instance"
         xsi:schemaLocation="eml://ecoinformatics.org/eml-2.1.1 http://rs.gbif.org/schema/eml-gbif-profile/1.1/eml.xsd"
        packageId="49604496-95c1-453f-93f3-590b56e57f78"  system="http://gbif.org" scope="system"
  xml:lang="es">

<dataset>
      <alternateIdentifier>doi:10.15472/91onjh</alternateIdentifier>
        <alternateIdentifier>http://ipt.biodiversidad.co/valle/resource?r=amaime</alternateIdentifier>
    <title>Registros biológicos de predios promocionados como Reservas Naturales de la Sociedad Civil-RNSC en el Cañón de Amaime, municipio El Cerrito, Valle del Cauca, Colombia.</title>
    <creator>
    <individualName>
<givenName>Julio César</givenName>        <surName>Bermúdez Vera</surName>
    </individualName>
<organizationName>Fundación Ambiente Colombia</organizationName><positionName>Biólogo-Contratista</positionName>    <address>
<deliveryPoint>Carrera 28 Nº 28-56 oficina 302</deliveryPoint><city>Palmira</city><administrativeArea>Valle del Cauca</administrativeArea><postalCode>763500</postalCode><country>COLOMBIA</country>    </address>
<phone>316-6859286</phone><electronicMailAddress>f.ambientecolombia@gmail.com</electronicMailAddress>    </creator>
    <creator>
    <individualName>
<givenName>Enrique</givenName>        <surName>Méndez Vargas</surName>
    </individualName>
<organizationName>Fundación Ambiente Colombia</organizationName><positionName>Licenciado en Biología-contratista</positionName>    <address>
<deliveryPoint>Carrera 28 Nº 28-56 oficina 302</deliveryPoint><city>Palmira</city><administrativeArea>Valle del Cauca</administrativeArea><postalCode>763500</postalCode><country>COLOMBIA</country>    </address>
<phone>3166859286</phone><electronicMailAddress>f.ambientecolombia@gmail.com</electronicMailAddress>    </creator>
    <metadataProvider>
    <individualName>
<givenName>Martha Cecilia</givenName>        <surName>Salazar Marín</surName>
    </individualName>
<organizationName>Corporación Autónoma Regional del Valle del Cauca</organizationName><positionName>Profesional Universitario</positionName>    <address>
<deliveryPoint>Carrera 56 No. 11-36</deliveryPoint><city>Santiago de Cali</city><administrativeArea>Valle del Cauca</administrativeArea><postalCode>76001000</postalCode><country>COLOMBIA</country>    </address>
<phone>6206600-3181700</phone><electronicMailAddress>martha-cecilia.salazar@cvc.gov.co</electronicMailAddress><onlineUrl>http://www.cvc.gov.co</onlineUrl>    </metadataProvider>
    <associatedParty>
    <individualName>
<givenName>Stella</givenName>        <surName>Sarria Salas</surName>
    </individualName>
<organizationName>Corporación Autónoma Regional del Valle del Cauca</organizationName><positionName>Bióloga-Contratista</positionName>    <address>
<deliveryPoint>Carrera 56 No. 11-36</deliveryPoint><city>Santiago de Cali</city><administrativeArea>Valle del Cauca</administrativeArea><postalCode>76001000</postalCode>    </address>
<phone>+5726206600</phone><electronicMailAddress>sarriastella@yahoo.es</electronicMailAddress>    <role>EDITOR</role>
    </associatedParty>
    <associatedParty>
    <individualName>
<givenName>Julio César</givenName>        <surName>Bermúdez Vera</surName>
    </individualName>
<organizationName>Fundación Ambiente Colombia</organizationName><positionName>Biólogo-Contratista</positionName>    <address>
<deliveryPoint>Carrera 28 Nº 28-56 oficina 302</deliveryPoint><city>Palmira</city><administrativeArea>Valle del Cauca</administrativeArea><postalCode>763500</postalCode><country>COLOMBIA</country>    </address>
<phone>+573166859286</phone><electronicMailAddress>juliobermudez@gmail.com</electronicMailAddress>    <role>AUTHOR</role>
    </associatedParty>
    <associatedParty>
    <individualName>
<givenName>Enrique</givenName>        <surName>Méndez Vargas</surName>
    </individualName>
<organizationName>Fundación Ambiente Colombia</organizationName><positionName>Licenciado en Biología-Contratista</positionName>    <address>
<deliveryPoint>Carrera 28 Nº 28-56 oficina 302</deliveryPoint><city>Palmira</city><administrativeArea>Valle del Cauca</administrativeArea><postalCode>763500</postalCode><country>COLOMBIA</country>    </address>
<phone>+57-316-6859286</phone><electronicMailAddress>enriquemvargas@gmail.com</electronicMailAddress>    <role>AUTHOR</role>
    </associatedParty>
      <pubDate>
      2017-04-17
      </pubDate>
    <language>SPANISH</language>
    <abstract>
        <para>El conjunto de datos presenta los registros biológicos de especies de mamíferos, aves y plantas identificadas en el cañón del río Amaime, municipio de El Cerrito, Valle del Cauca, entre octubre y noviembre de 2013, como parte del proceso de caracterización biológica del área, realizada bajo el convenio 020 de 2013, suscrito entre la CVC y la Fundación Ambiente Colombia y del convenio 043 de 2013, suscrito entre la Fundación Ambiente Colombia y Conserva Colombia cuyo objetivo fue desarrollar la metodología para la declaratoria de Reservas Naturales de la Sociedad Civil-RNSC y sus zonas de influencia en el cañón de Amaime, para contribuir a la conservación y recuperación de la biodiversidad y de los servicios ecosistémicos en el mosaico de conservación Hermosas, en el marco del Sistema Regional de Áreas Protegidas-SIRAP Macizo Colombiano y de la V convocatoria de Conserva Colombia para la declaratoria de áreas protegidas en bosque seco.</para>
    </abstract>
        <keywordSet>
              <keyword>plantas</keyword>
              <keyword>Valle del Cauca.</keyword>
              <keyword>mamíferos</keyword>
              <keyword>Occurrence</keyword>
              <keyword>Cañón de Amaime</keyword>
              <keyword>aves</keyword>
              <keyword>El Cerrito</keyword>
              <keywordThesaurus>GBIF Dataset Type Vocabulary: http://rs.gbif.org/vocabulary/gbif/dataset_type.xml</keywordThesaurus>
        </keywordSet>
        <keywordSet>
              <keyword>Observation</keyword>
              <keywordThesaurus>GBIF Dataset Subtype Vocabulary: http://rs.gbif.org/vocabulary/gbif/dataset_subtype.xml</keywordThesaurus>
        </keywordSet>
      <intellectualRights>
        <para>This work is licensed under a <ulink url="http://creativecommons.org/licenses/by-nc/4.0/legalcode"><citetitle>Creative Commons Attribution Non Commercial (CC-BY-NC) 4.0 License</citetitle></ulink>.</para>
      </intellectualRights>
      <distribution scope="document">
          <online>
              <url function="information">http://ipt.biodiversidad.co/valle/manage/metadata-physical.do?r=amaime</url>
          </online>
      </distribution>
      <coverage>
            <geographicCoverage>
                  <geographicDescription>El área de estudio está localizada en la Cordillera Central en la cuenca hidrográfica del río Amaime al oriente del departamento del Valle del Cauca, en el municipio El Cerrito y contempla predios localizados en los corregimientos de Tenerife, El Moral, Carrizal, Los Andes, Aují  y Santa Luisa.  En el Orobioma azonal, se caracterizó un predio representarivo del ecosistemas  Bosque frio seco en montaña fluvio-gravitacional; en el Orobioma medio de los Andes, predios representativos de los ecosistemas  Bosque frio muy húmedo en montaña fluvio-gravitacional, Bosque frio húmedo en montaña fluvio-gravitacional y en el Orobioma alto de los andes un predio representativo del ecosistema Herbazales y Pajonales Muy Frío Muy Húmedo en Montaña Fluvio-Glacial y del ecosistema Herbazales y Pajonales Extremadamente Frío Pluvial en Montaña Fluvio-Glacial.</geographicDescription>
                  <boundingCoordinates>
                      <westBoundingCoordinate>-76.11</westBoundingCoordinate>
                      <eastBoundingCoordinate>-76.09</eastBoundingCoordinate>
                      <northBoundingCoordinate>3.74</northBoundingCoordinate>
                      <southBoundingCoordinate>3.66</southBoundingCoordinate>
                  </boundingCoordinates>
            </geographicCoverage>
          <temporalCoverage>
            <rangeOfDates>
              <beginDate>
                <calendarDate>      2013-10-19
</calendarDate>
              </beginDate>
              <endDate>
                <calendarDate>      2014-02-03
</calendarDate>
              </endDate>
            </rangeOfDates>
          </temporalCoverage>
              <taxonomicCoverage>
                    <generalTaxonomicCoverage>Los registros de mamíferos constan de 98 registros conformados por los Órdenes Artiodactyla, Carnivora, Cingulata, Didelphimorphia, Lagomorpha y Rodentia, representados por 13 Familias, 16 Géneros y 16 especies.</generalTaxonomicCoverage>
                    <taxonomicClassification>
                          <taxonRankName>Family</taxonRankName>
                        <taxonRankValue>Canidae</taxonRankValue>
                    </taxonomicClassification>
                    <taxonomicClassification>
                          <taxonRankName>Family</taxonRankName>
                        <taxonRankValue>Cervidae</taxonRankValue>
                    </taxonomicClassification>
                    <taxonomicClassification>
                          <taxonRankName>Family</taxonRankName>
                        <taxonRankValue>Dasypodidae</taxonRankValue>
                    </taxonomicClassification>
                    <taxonomicClassification>
                          <taxonRankName>Family</taxonRankName>
                        <taxonRankValue>Dasyproctidae</taxonRankValue>
                    </taxonomicClassification>
                    <taxonomicClassification>
                          <taxonRankName>Family</taxonRankName>
                        <taxonRankValue>Didelphidae</taxonRankValue>
                    </taxonomicClassification>
                    <taxonomicClassification>
                          <taxonRankName>Family</taxonRankName>
                        <taxonRankValue>Dinomyidae</taxonRankValue>
                    </taxonomicClassification>
                    <taxonomicClassification>
                          <taxonRankName>Family</taxonRankName>
                        <taxonRankValue>Erethizontidae</taxonRankValue>
                    </taxonomicClassification>
                    <taxonomicClassification>
                          <taxonRankName>Family</taxonRankName>
                        <taxonRankValue>Felidae</taxonRankValue>
                    </taxonomicClassification>
                    <taxonomicClassification>
                          <taxonRankName>Family</taxonRankName>
                        <taxonRankValue>Leporidae</taxonRankValue>
                    </taxonomicClassification>
                    <taxonomicClassification>
                          <taxonRankName>Family</taxonRankName>
                        <taxonRankValue>Muridae</taxonRankValue>
                    </taxonomicClassification>
                    <taxonomicClassification>
                          <taxonRankName>Family</taxonRankName>
                        <taxonRankValue>Mustelidae</taxonRankValue>
                    </taxonomicClassification>
                    <taxonomicClassification>
                          <taxonRankName>Family</taxonRankName>
                        <taxonRankValue>Procyonidae</taxonRankValue>
                    </taxonomicClassification>
                    <taxonomicClassification>
                          <taxonRankName>Family</taxonRankName>
                        <taxonRankValue>Sciuridae</taxonRankValue>
                    </taxonomicClassification>
              </taxonomicCoverage>
              <taxonomicCoverage>
                    <generalTaxonomicCoverage>El conjunto de datos de aves presenta 1382 registros distribuidos en 18 Órdenes, 38 Familias, 129 Géneros y 175 especies.  Los Órdenes son Accipitriformes, Anseriformes, Apodiformes, Charadriiformes, Ciconiiformes, Columbiformes, Coraciiformes, Craciformes, Cuculiformes, Falconiformes, Galliformes, Passeriformes, Pelecaniformes, Piciformes, Psittaciformes, Strigiformes, Tinamiformes y Trogoniformes.</generalTaxonomicCoverage>
                    <taxonomicClassification>
                          <taxonRankName>Family</taxonRankName>
                        <taxonRankValue>Accipitridae</taxonRankValue>
                    </taxonomicClassification>
                    <taxonomicClassification>
                          <taxonRankName>Family</taxonRankName>
                        <taxonRankValue>Anatidae</taxonRankValue>
                    </taxonomicClassification>
                    <taxonomicClassification>
                          <taxonRankName>Family</taxonRankName>
                        <taxonRankValue>Apodidae</taxonRankValue>
                    </taxonomicClassification>
                    <taxonomicClassification>
                          <taxonRankName>Family</taxonRankName>
                        <taxonRankValue>Ardeidae</taxonRankValue>
                    </taxonomicClassification>
                    <taxonomicClassification>
                          <taxonRankName>Family</taxonRankName>
                        <taxonRankValue>Caprimulgidae</taxonRankValue>
                    </taxonomicClassification>
                    <taxonomicClassification>
                          <taxonRankName>Family</taxonRankName>
                        <taxonRankValue>Cardinalidae</taxonRankValue>
                    </taxonomicClassification>
                    <taxonomicClassification>
                          <taxonRankName>Family</taxonRankName>
                        <taxonRankValue>Cathartidae</taxonRankValue>
                    </taxonomicClassification>
                    <taxonomicClassification>
                          <taxonRankName>Family</taxonRankName>
                        <taxonRankValue>Charadriidae</taxonRankValue>
                    </taxonomicClassification>
                    <taxonomicClassification>
                          <taxonRankName>Family</taxonRankName>
                        <taxonRankValue>Cinclidae</taxonRankValue>
                    </taxonomicClassification>
                    <taxonomicClassification>
                          <taxonRankName>Family</taxonRankName>
                        <taxonRankValue>Columbidae</taxonRankValue>
                    </taxonomicClassification>
                    <taxonomicClassification>
                          <taxonRankName>Family</taxonRankName>
                        <taxonRankValue>Corvidae</taxonRankValue>
                    </taxonomicClassification>
                    <taxonomicClassification>
                          <taxonRankName>Family</taxonRankName>
                        <taxonRankValue>Cotingidae</taxonRankValue>
                    </taxonomicClassification>
                    <taxonomicClassification>
                          <taxonRankName>Family</taxonRankName>
                        <taxonRankValue>Cracidae</taxonRankValue>
                    </taxonomicClassification>
                    <taxonomicClassification>
                          <taxonRankName>Family</taxonRankName>
                        <taxonRankValue>Cuculidae</taxonRankValue>
                    </taxonomicClassification>
                    <taxonomicClassification>
                          <taxonRankName>Family</taxonRankName>
                        <taxonRankValue>Emberizidae</taxonRankValue>
                    </taxonomicClassification>
                    <taxonomicClassification>
                          <taxonRankName>Family</taxonRankName>
                        <taxonRankValue>Falconidae</taxonRankValue>
                    </taxonomicClassification>
                    <taxonomicClassification>
                          <taxonRankName>Family</taxonRankName>
                        <taxonRankValue>Fringillidae</taxonRankValue>
                    </taxonomicClassification>
                    <taxonomicClassification>
                          <taxonRankName>Family</taxonRankName>
                        <taxonRankValue>Furnariidae</taxonRankValue>
                    </taxonomicClassification>
                    <taxonomicClassification>
                          <taxonRankName>Family</taxonRankName>
                        <taxonRankValue>Grallariidae</taxonRankValue>
                    </taxonomicClassification>
                    <taxonomicClassification>
                          <taxonRankName>Family</taxonRankName>
                        <taxonRankValue>Hirundinidae</taxonRankValue>
                    </taxonomicClassification>
                    <taxonomicClassification>
                          <taxonRankName>Family</taxonRankName>
                        <taxonRankValue>Icteridae</taxonRankValue>
                    </taxonomicClassification>
                    <taxonomicClassification>
                          <taxonRankName>Family</taxonRankName>
                        <taxonRankValue>Mimidae</taxonRankValue>
                    </taxonomicClassification>
                    <taxonomicClassification>
                          <taxonRankName>Family</taxonRankName>
                        <taxonRankValue>Momotidae</taxonRankValue>
                    </taxonomicClassification>
                    <taxonomicClassification>
                          <taxonRankName>Family</taxonRankName>
                        <taxonRankValue>Odontophoridae</taxonRankValue>
                    </taxonomicClassification>
                    <taxonomicClassification>
                          <taxonRankName>Family</taxonRankName>
                        <taxonRankValue>Parulidae</taxonRankValue>
                    </taxonomicClassification>
                    <taxonomicClassification>
                          <taxonRankName>Family</taxonRankName>
                        <taxonRankValue>Picidae</taxonRankValue>
                    </taxonomicClassification>
                    <taxonomicClassification>
                          <taxonRankName>Family</taxonRankName>
                        <taxonRankValue>Psittacidae</taxonRankValue>
                    </taxonomicClassification>
                    <taxonomicClassification>
                          <taxonRankName>Family</taxonRankName>
                        <taxonRankValue>Ramphastidae</taxonRankValue>
                    </taxonomicClassification>
                    <taxonomicClassification>
                          <taxonRankName>Family</taxonRankName>
                        <taxonRankValue>Rhinocryptidae</taxonRankValue>
                    </taxonomicClassification>
                    <taxonomicClassification>
                          <taxonRankName>Family</taxonRankName>
                        <taxonRankValue>Thraupidae</taxonRankValue>
                    </taxonomicClassification>
                    <taxonomicClassification>
                          <taxonRankName>Family</taxonRankName>
                        <taxonRankValue>Threskiornithidae</taxonRankValue>
                    </taxonomicClassification>
                    <taxonomicClassification>
                          <taxonRankName>Family</taxonRankName>
                        <taxonRankValue>Tinamidae</taxonRankValue>
                    </taxonomicClassification>
                    <taxonomicClassification>
                          <taxonRankName>Family</taxonRankName>
                        <taxonRankValue>Trochilidae</taxonRankValue>
                    </taxonomicClassification>
                    <taxonomicClassification>
                          <taxonRankName>Family</taxonRankName>
                        <taxonRankValue>Troglodytidae</taxonRankValue>
                    </taxonomicClassification>
                    <taxonomicClassification>
                          <taxonRankName>Family</taxonRankName>
                        <taxonRankValue>Trogonidae</taxonRankValue>
                    </taxonomicClassification>
                    <taxonomicClassification>
                          <taxonRankName>Family</taxonRankName>
                        <taxonRankValue>Turdidae</taxonRankValue>
                    </taxonomicClassification>
                    <taxonomicClassification>
                          <taxonRankName>Family</taxonRankName>
                        <taxonRankValue>Tyrannidae</taxonRankValue>
                    </taxonomicClassification>
                    <taxonomicClassification>
                          <taxonRankName>Family</taxonRankName>
                        <taxonRankValue>Vireonidae</taxonRankValue>
                    </taxonomicClassification>
              </taxonomicCoverage>
              <taxonomicCoverage>
                    <generalTaxonomicCoverage>El reino vegetal está representado por 465 registros de la División Tracheophyta y de las Clases Liliopsida, Magnoliopsida, Pinopsida y Polypodiopsida.  Los datos están distribuidos en 38 Órdenes, 71 Familias, 147 Órdenes y 173 especies.</generalTaxonomicCoverage>
                    <taxonomicClassification>
                          <taxonRankName>Family</taxonRankName>
                        <taxonRankValue>Acanthaceae</taxonRankValue>
                    </taxonomicClassification>
                    <taxonomicClassification>
                          <taxonRankName>Family</taxonRankName>
                        <taxonRankValue>Actinidiaceae</taxonRankValue>
                    </taxonomicClassification>
                    <taxonomicClassification>
                          <taxonRankName>Family</taxonRankName>
                        <taxonRankValue>Alstroemeriaceae</taxonRankValue>
                    </taxonomicClassification>
                    <taxonomicClassification>
                          <taxonRankName>Family</taxonRankName>
                        <taxonRankValue>Amaranthaceae</taxonRankValue>
                    </taxonomicClassification>
                    <taxonomicClassification>
                          <taxonRankName>Family</taxonRankName>
                        <taxonRankValue>Amaryllidaceae</taxonRankValue>
                    </taxonomicClassification>
                    <taxonomicClassification>
                          <taxonRankName>Family</taxonRankName>
                        <taxonRankValue>Anacardiaceae</taxonRankValue>
                    </taxonomicClassification>
                    <taxonomicClassification>
                          <taxonRankName>Family</taxonRankName>
                        <taxonRankValue>Araceae</taxonRankValue>
                    </taxonomicClassification>
                    <taxonomicClassification>
                          <taxonRankName>Family</taxonRankName>
                        <taxonRankValue>Araliaceae</taxonRankValue>
                    </taxonomicClassification>
                    <taxonomicClassification>
                          <taxonRankName>Family</taxonRankName>
                        <taxonRankValue>Arecaceae</taxonRankValue>
                    </taxonomicClassification>
                    <taxonomicClassification>
                          <taxonRankName>Family</taxonRankName>
                        <taxonRankValue>Asparagaceae</taxonRankValue>
                    </taxonomicClassification>
                    <taxonomicClassification>
                          <taxonRankName>Family</taxonRankName>
                        <taxonRankValue>Asteraceae</taxonRankValue>
                    </taxonomicClassification>
                    <taxonomicClassification>
                          <taxonRankName>Family</taxonRankName>
                        <taxonRankValue>Betulaceae</taxonRankValue>
                    </taxonomicClassification>
                    <taxonomicClassification>
                          <taxonRankName>Family</taxonRankName>
                        <taxonRankValue>Bignoniaceae</taxonRankValue>
                    </taxonomicClassification>
                    <taxonomicClassification>
                          <taxonRankName>Family</taxonRankName>
                        <taxonRankValue>Boraginaceae</taxonRankValue>
                    </taxonomicClassification>
                    <taxonomicClassification>
                          <taxonRankName>Family</taxonRankName>
                        <taxonRankValue>Bromeliaceae</taxonRankValue>
                    </taxonomicClassification>
                    <taxonomicClassification>
                          <taxonRankName>Family</taxonRankName>
                        <taxonRankValue>Cactaceae</taxonRankValue>
                    </taxonomicClassification>
                    <taxonomicClassification>
                          <taxonRankName>Family</taxonRankName>
                        <taxonRankValue>Cannabaceae</taxonRankValue>
                    </taxonomicClassification>
                    <taxonomicClassification>
                          <taxonRankName>Family</taxonRankName>
                        <taxonRankValue>Cardiopteridaceae</taxonRankValue>
                    </taxonomicClassification>
                    <taxonomicClassification>
                          <taxonRankName>Family</taxonRankName>
                        <taxonRankValue>Caricaceae</taxonRankValue>
                    </taxonomicClassification>
                    <taxonomicClassification>
                          <taxonRankName>Family</taxonRankName>
                        <taxonRankValue>Chloranthaceae</taxonRankValue>
                    </taxonomicClassification>
                    <taxonomicClassification>
                          <taxonRankName>Family</taxonRankName>
                        <taxonRankValue>Clethraceae</taxonRankValue>
                    </taxonomicClassification>
                    <taxonomicClassification>
                          <taxonRankName>Family</taxonRankName>
                        <taxonRankValue>Clusiaceae</taxonRankValue>
                    </taxonomicClassification>
                    <taxonomicClassification>
                          <taxonRankName>Family</taxonRankName>
                        <taxonRankValue>Cornaceae</taxonRankValue>
                    </taxonomicClassification>
                    <taxonomicClassification>
                          <taxonRankName>Family</taxonRankName>
                        <taxonRankValue>Crassulaceae</taxonRankValue>
                    </taxonomicClassification>
                    <taxonomicClassification>
                          <taxonRankName>Family</taxonRankName>
                        <taxonRankValue>Cucurbitaceae</taxonRankValue>
                    </taxonomicClassification>
                    <taxonomicClassification>
                          <taxonRankName>Family</taxonRankName>
                        <taxonRankValue>Cunoniaceae</taxonRankValue>
                    </taxonomicClassification>
                    <taxonomicClassification>
                          <taxonRankName>Family</taxonRankName>
                        <taxonRankValue>Cupressaceae</taxonRankValue>
                    </taxonomicClassification>
                    <taxonomicClassification>
                          <taxonRankName>Family</taxonRankName>
                        <taxonRankValue>Cyatheaceae</taxonRankValue>
                    </taxonomicClassification>
                    <taxonomicClassification>
                          <taxonRankName>Family</taxonRankName>
                        <taxonRankValue>Dennstaedtiaceae</taxonRankValue>
                    </taxonomicClassification>
                    <taxonomicClassification>
                          <taxonRankName>Family</taxonRankName>
                        <taxonRankValue>Euphorbiaceae</taxonRankValue>
                    </taxonomicClassification>
                    <taxonomicClassification>
                          <taxonRankName>Family</taxonRankName>
                        <taxonRankValue>Fabaceae</taxonRankValue>
                    </taxonomicClassification>
                    <taxonomicClassification>
                          <taxonRankName>Family</taxonRankName>
                        <taxonRankValue>Fagaceae</taxonRankValue>
                    </taxonomicClassification>
                    <taxonomicClassification>
                          <taxonRankName>Family</taxonRankName>
                        <taxonRankValue>Hydrangeaceae</taxonRankValue>
                    </taxonomicClassification>
                    <taxonomicClassification>
                          <taxonRankName>Family</taxonRankName>
                        <taxonRankValue>Juglandaceae</taxonRankValue>
                    </taxonomicClassification>
                    <taxonomicClassification>
                          <taxonRankName>Family</taxonRankName>
                        <taxonRankValue>Lamiaceae</taxonRankValue>
                    </taxonomicClassification>
                    <taxonomicClassification>
                          <taxonRankName>Family</taxonRankName>
                        <taxonRankValue>Lauraceae</taxonRankValue>
                    </taxonomicClassification>
                    <taxonomicClassification>
                          <taxonRankName>Family</taxonRankName>
                        <taxonRankValue>Malpighiaceae</taxonRankValue>
                    </taxonomicClassification>
                    <taxonomicClassification>
                          <taxonRankName>Family</taxonRankName>
                        <taxonRankValue>Melastomataceae</taxonRankValue>
                    </taxonomicClassification>
                    <taxonomicClassification>
                          <taxonRankName>Family</taxonRankName>
                        <taxonRankValue>Meliaceae</taxonRankValue>
                    </taxonomicClassification>
                    <taxonomicClassification>
                          <taxonRankName>Family</taxonRankName>
                        <taxonRankValue>Mimosaceae</taxonRankValue>
                    </taxonomicClassification>
                    <taxonomicClassification>
                          <taxonRankName>Family</taxonRankName>
                        <taxonRankValue>Moraceae</taxonRankValue>
                    </taxonomicClassification>
                    <taxonomicClassification>
                          <taxonRankName>Family</taxonRankName>
                        <taxonRankValue>Myrtaceae</taxonRankValue>
                    </taxonomicClassification>
                    <taxonomicClassification>
                          <taxonRankName>Family</taxonRankName>
                        <taxonRankValue>Oleaceae</taxonRankValue>
                    </taxonomicClassification>
                    <taxonomicClassification>
                          <taxonRankName>Family</taxonRankName>
                        <taxonRankValue>Onagraceae</taxonRankValue>
                    </taxonomicClassification>
                    <taxonomicClassification>
                          <taxonRankName>Family</taxonRankName>
                        <taxonRankValue>Orchidaceae</taxonRankValue>
                    </taxonomicClassification>
                    <taxonomicClassification>
                          <taxonRankName>Family</taxonRankName>
                        <taxonRankValue>Papaveraceae</taxonRankValue>
                    </taxonomicClassification>
                    <taxonomicClassification>
                          <taxonRankName>Family</taxonRankName>
                        <taxonRankValue>Passifloraceae</taxonRankValue>
                    </taxonomicClassification>
                    <taxonomicClassification>
                          <taxonRankName>Family</taxonRankName>
                        <taxonRankValue>Phyllanthaceae</taxonRankValue>
                    </taxonomicClassification>
                    <taxonomicClassification>
                          <taxonRankName>Family</taxonRankName>
                        <taxonRankValue>Pinaceae</taxonRankValue>
                    </taxonomicClassification>
                    <taxonomicClassification>
                          <taxonRankName>Family</taxonRankName>
                        <taxonRankValue>Piperaceae</taxonRankValue>
                    </taxonomicClassification>
                    <taxonomicClassification>
                          <taxonRankName>Family</taxonRankName>
                        <taxonRankValue>Poaceae</taxonRankValue>
                    </taxonomicClassification>
                    <taxonomicClassification>
                          <taxonRankName>Family</taxonRankName>
                        <taxonRankValue>Polygalaceae</taxonRankValue>
                    </taxonomicClassification>
                    <taxonomicClassification>
                          <taxonRankName>Family</taxonRankName>
                        <taxonRankValue>Polygonaceae</taxonRankValue>
                    </taxonomicClassification>
                    <taxonomicClassification>
                          <taxonRankName>Family</taxonRankName>
                        <taxonRankValue>Polypodiaceae</taxonRankValue>
                    </taxonomicClassification>
                    <taxonomicClassification>
                          <taxonRankName>Family</taxonRankName>
                        <taxonRankValue>Primulaceae</taxonRankValue>
                    </taxonomicClassification>
                    <taxonomicClassification>
                          <taxonRankName>Family</taxonRankName>
                        <taxonRankValue>Proteaceae</taxonRankValue>
                    </taxonomicClassification>
                    <taxonomicClassification>
                          <taxonRankName>Family</taxonRankName>
                        <taxonRankValue>Rosaceae</taxonRankValue>
                    </taxonomicClassification>
                    <taxonomicClassification>
                          <taxonRankName>Family</taxonRankName>
                        <taxonRankValue>Rubiaceae</taxonRankValue>
                    </taxonomicClassification>
                    <taxonomicClassification>
                          <taxonRankName>Family</taxonRankName>
                        <taxonRankValue>Rutaceae</taxonRankValue>
                    </taxonomicClassification>
                    <taxonomicClassification>
                          <taxonRankName>Family</taxonRankName>
                        <taxonRankValue>Sabiaceae</taxonRankValue>
                    </taxonomicClassification>
                    <taxonomicClassification>
                          <taxonRankName>Family</taxonRankName>
                        <taxonRankValue>Salicaceae</taxonRankValue>
                    </taxonomicClassification>
                    <taxonomicClassification>
                          <taxonRankName>Family</taxonRankName>
                        <taxonRankValue>Sapindaceae</taxonRankValue>
                    </taxonomicClassification>
                    <taxonomicClassification>
                          <taxonRankName>Family</taxonRankName>
                        <taxonRankValue>Scrophulariaceae</taxonRankValue>
                    </taxonomicClassification>
                    <taxonomicClassification>
                          <taxonRankName>Family</taxonRankName>
                        <taxonRankValue>Siparunaceae</taxonRankValue>
                    </taxonomicClassification>
                    <taxonomicClassification>
                          <taxonRankName>Family</taxonRankName>
                        <taxonRankValue>Solanaceae</taxonRankValue>
                    </taxonomicClassification>
                    <taxonomicClassification>
                          <taxonRankName>Family</taxonRankName>
                        <taxonRankValue>Staphyleaceae</taxonRankValue>
                    </taxonomicClassification>
                    <taxonomicClassification>
                          <taxonRankName>Family</taxonRankName>
                        <taxonRankValue>Styracaceae</taxonRankValue>
                    </taxonomicClassification>
                    <taxonomicClassification>
                          <taxonRankName>Family</taxonRankName>
                        <taxonRankValue>Theaceae</taxonRankValue>
                    </taxonomicClassification>
                    <taxonomicClassification>
                          <taxonRankName>Family</taxonRankName>
                        <taxonRankValue>Urticaceae</taxonRankValue>
                    </taxonomicClassification>
                    <taxonomicClassification>
                          <taxonRankName>Family</taxonRankName>
                        <taxonRankValue>Verbenaceae</taxonRankValue>
                    </taxonomicClassification>
                    <taxonomicClassification>
                          <taxonRankName>Family</taxonRankName>
                        <taxonRankValue>Malvaceae</taxonRankValue>
                    </taxonomicClassification>
              </taxonomicCoverage>
      </coverage>
      <purpose>
          <para>El propósito de publicar la información es dar a conocer la biodiversidad registrada en el área del cañón del río Amaime para que pueda ser consultado de forma virtual por los diferentes usuarios internos y externos, principalmente investigadores y estudiantes universitarios, ya que es una zona poco conocida a nivel nacional e internacional y representa una gran importancia para la región dada su localización en el área con función amortiguadora del páramo de Las Domínguez y Pan de Azúcar.</para>
      </purpose>
      <maintenance>
          <description>
              <para>En la medida que se realice el seguimiento a los predios objeto de estudio se podrán aportar nuevos registros para el área.</para>
          </description>
          <maintenanceUpdateFrequency>notPlanned</maintenanceUpdateFrequency>
      </maintenance>
      <contact>
    <individualName>
<givenName>Martha Cecilia</givenName>        <surName>Salazar Marín</surName>
    </individualName>
<organizationName>Corporación Autónoma Regional del Valle del Cauca</organizationName><positionName>Profesional Universitario</positionName>    <address>
<deliveryPoint>Carrera 56 No. 11-36 / Carrera 57  No. 11 –29</deliveryPoint><city>Santiago de Cali</city><administrativeArea>Valle del Cauca</administrativeArea><postalCode>76001000</postalCode><country>COLOMBIA</country>    </address>
<phone>+5726206600</phone><electronicMailAddress>martha-cecilia.salazar@cvc.gov.co</electronicMailAddress><onlineUrl>http://www.cvc.gov.co/</onlineUrl>      </contact>
      <contact>
    <individualName>
<givenName>Martha Cecilia</givenName>        <surName>Salazar Marín</surName>
    </individualName>
<organizationName>Corporación Autónoma Regional del Valle del Cauca</organizationName><positionName>Profesional Universitario</positionName>    <address>
<deliveryPoint>Carrera 56 No. 11-36</deliveryPoint><city>Santiago de Cali</city><administrativeArea>Valle del Cauca</administrativeArea><postalCode>76001000</postalCode><country>COLOMBIA</country>    </address>
<phone>6206600-3181700</phone><electronicMailAddress>atencionalusuario@cvc.gov.co</electronicMailAddress><onlineUrl>http://www.cvc.gov.co</onlineUrl>      </contact>
      <methods>
            <methodStep>
                <description>
                    <para>En relación con el grupo de aves, En cada predio se predeterminó un recorrido para la observación de aves de una longitud variable entre 1 y 4 km, con la ayuda de un GPS. Los recorridos fueron situados de tal manera que abarcaran los diferentes tipos de cobertura forestal, principalmente los tipos de vegetación: bosque natural, rastrojos (bosques pioneros), y bosques plantados, además de las áreas destinadas a diferentes usos tales como potreros, cultivos y jardines.  Se muestrearon predios con elevaciones comprendidas aproximadamente entre 1700 y 3000 m.s.n.m. Los censos se iniciaron a partir de las 06:00 y se extendieron hasta las 18:00 y para las observaciones se utilizaron binoculares 8x, 40. Para cada especie se anotó el número de individuos y el tipo de hábitat (Villareal et al. 2006). El listado de especies para las localidades fue complementado con observaciones oportunistas de la avifauna, así como con algunas capturas con redes de niebla cerca o dentro de los trayectos de observación. Se confirmó la determinación de las especies con la ayuda de la Guía de aves de Colombia (Hilty y Brown 2001). Además se visitó la colección de aves de la Universidad del Valle para confirmar la determinación de algunas especies.  Las aves fueron determinadas siguiendo la propuesta taxonómica en A classification of the bird species of South America. American Ornithologists&apos; Union.  http://www.museum.lsu.edu/~Remsen/SACCBaseline.html 

La información sobre mamíferos se generó por medio de entrevistas a pobladores de la zona y a los propietarios de los predios muestreados y mediante la consulta de información secundaria. Se entrevistó a las personas que viven en los predios para determinar la presencia de mamíferos, teniendo en cuenta su abundancia, ubicación, época de presencia, eventos reproductivos, cacería, comercio, y posibles usos.  

También se determinó el grado de amenaza de las aves y mamíferos registrados a nivel global siguiendo la lista roja de especies amenazadas en The IUNC Red List of  Threatened Species. Version 2013.2. http://www.iucnredlist.org. Igualmente  se determinó el grado de amenaza a nivel nacional siguiendo el Libro rojo de las aves de Colombia (Renjifo et al. 2002) y las aves amenazadas a nivel regional para el Valle del Cauca (Castillo y Gonzáles 2007). 

El inventario de la vegetación para cada predio, se hizo a través de recolección libre de material fértil (flores y/o frutos).  En algunos casos se recolectó material estéril, únicamente de árboles y arbustos. También se tomaron fotografías como apoyo de las descripciones de cada uno de los sitios y de la identificación de algunas plantas. La mayoría de las especies fueron identificadas directamente en campo (in situ) a través comparaciones, con el apoyo de claves taxonómicas y de las guías de campo de Gentry (1995) y de Vargas (2002).  Dependiendo de la especie y de su estado fenológico, se recolectaron entre 3 y 5 ejemplares botánicos. Para confirmar cada especie, su correcta escritura y su actualización (epíteto) se consultaron algunas páginas en Internet como W3T (Trópicos) y la página del Herbario de la Universidad Nacional de Colombia (Colecciones científicas en línea-Plantas) y se contó con el apoyo de algunos botánicos o especialistas como es William Vargas (Flora en general-Universidad Icesi, Cali), Rodrigo Bernal (Experto en la familia Acerácea - Universidad Nacional de Colombia, Bogotá D.C, Instituto de Ciencias Naturales), Carlos Alberto Parra Osorio (Especialista en la familia Myrtaceae- Universidad Nacional de Colombia, Bogotá D.C, Instituto de Ciencias Naturales), José Luis Fernández Alonso (Especialista en las familias Malvaceae y Lamiaceae - Universidad Nacional de Colombia, Bogotá D.C, Instituto de Ciencias Naturales), Diego Alonso Giraldo Canas (Especialista en la familia Poaceae - Universidad Nacional de Colombia, Bogotá D.C, Instituto de Ciencias Naturales) y Humberto Mendoza (Especialista en la Familia Melastomataceae- Instituto Alexander von Humboldt).</para>
                </description>
            </methodStep>
            <sampling>
                <studyExtent>
                    <description>
                        <para>Las áreas de muestreo están localizadas en los corregimientos de Aují, Carrizal, El Moral, Los Andes, Santa Luisa y Tenerife, en el municipio de El Cerrito Valle del Cauca.</para>
                    </description>
                </studyExtent>
                <samplingDescription>
                    <para>En el caso del muestreo de aves se utilizaron redes de niebla y transectos.  El esfuerzo de muestreo fue variable, entre uno y cuatro kilómetros caminando y entre 40 minutos y once horas de observación.  Se instalaron redes de niebla de 12 metros por 30 horas.

En el caso del muestreo de plantas, se realizaron recorridos al azar y con un transecto de 50 x 2 metros en cobertura boscosa en cada área de estudio. En cada predio o finca se realizó un transecto de 50 x 2 metros donde se midieron todos los individuos con diámetros (d) mayores o iguales a 2.5 cm y 1.30 cm de altura (incluyendo los muertos en pie).</para>
                </samplingDescription>
            </sampling>
            <qualityControl>
                <description>
                    <para>Los datos fueron analizados, ajustados y complementados por la Bióloga Stella Sarria Salas.  En ese sentido, la información taxonómica se corrigió con base en el Catálogo de la Vida y las coordenadas y localidades acorde con el Sistema de Información Ambiental de la CVC GeoCVC.  Igualmente se estandarizó la información correspondiente a la &quot;Autoría del Nombre Científico” y “Nombre Común”</para>
                </description>
            </qualityControl>
      </methods>

      <project >
          <title>Promoción de Reservas Privadas en ecosistemas secos y en sus áreas de influencia</title>
          <personnel>
    <individualName>
<givenName>Martha Lucía</givenName>        <surName>Salazar Valencia</surName>
    </individualName>
    <role>POINT_OF_CONTACT</role>
          </personnel>
          <personnel>
    <individualName>
<givenName>Francisco</givenName>        <surName>Gómez Barreiro</surName>
    </individualName>
    <role>POINT_OF_CONTACT</role>
          </personnel>
          <funding>
              <para>Convenio 020 de 2013 suscrito entre la CVC y la Fundación Ambiente Colombia y Convenio 045 de 2013, suscrito entre Conserva Colombia y la Fundación Ambiente Colombia.</para>
          </funding>
            <studyAreaDescription>
                <descriptor name="generic" citableClassificationSystem="false">
                    <descriptorValue>El Cañón del río Amaime y su área de influencia en la zona de transición al Páramo de las Domínguez y Pan de Azúcar, es un área estratégica localizada en la cuenca hidrográfica del río Amaime, en la Cordillera Central, en el municipio de El Cerrito. Para llegar al área se toma la vía que desde el municipio de Palmira, conduce al corregimiento de Tenerife. 
El área de muestreo presenta alturas que oscilan entre 1720 y 3005 msnm.  En la zona predominan los cultivos de  fresa, cebolla, fríjol, habichuela, repollo, ajo y coliflor. El ganado de leche es otro renglón importante de la economía local y el área es considerada como una despensa agrícola y ganadera del Departamento.  Entre los atractivos naturales del área sobresalen las poblaciones de palma de cera (Ceroxylon quindiuense), el clima, los productos agrícolas y el paisaje, motivos por los cuales la zona cuenta con potencial para diferentes tipos de turismo.</descriptorValue>
                </descriptor>
            </studyAreaDescription>
            <designDescription>
                <description>
                    <para>El objetivo general del proceso fue aportar a la conservación, recuperación de la biodiversidad y los servicios ecosistémicos del subxerofítico del Amaime con las Reservas Naturales de la Sociedad Civil, en el mosaico de conservación Hermosas - Amaime en el marco del SIRAP macizo colombiano, municipio de El Cerrito, Valle del Cauca.  Los objetivos específicos fueron:

1. Realizar la caracterización y el análisis de los predios en un contexto local o regional de un sistema de áreas protegidas.
2. Elaborar los planes de manejo para las reservas propuestas. 
3. Radicar ante PNN la solicitud de registro de las reservas en el SINAP.

Para cumplir con los mencionados objetivos, se desarrollaron las siguientes fases: 1) Aprestamiento, promoción y divulgación, 2) Elaboración de Diagnóstico y formulación de Plan de manejo y 3) Registro de reservas ante PNN.  Durante todo el proceso se buscó la participación de los propietarios y se realizaron capacitaciones para su formación en temas asociados a la biodiversidad y a la normatividad relacionada con las áreas protegidas.</para>
                </description>
            </designDescription>
      </project>
</dataset>

<additionalMetadata>
    <metadata>
      <gbif>
        <dateStamp>2017-05-14T13:37:16Z</dateStamp>
      <citation identifier="http://doi.org/10.15472/91onjh">Bermúdez Vera J C, Méndez Vargas E, Salazar Marín M C (2017). Registros biológicos de predios promocionados como Reservas Naturales de la Sociedad Civil-RNSC en el Cañón de Amaime, municipio El Cerrito, Valle del Cauca, Colombia.. Corporación Autónoma Regional del Valle del Cauca. Occurrence Dataset http://doi.org/10.15472/91onjh accessed via GBIF.org on 2017-05-14.</citation>
              <bibliography>
      <citation>CVC-FAC-Conserva Colombia. 2013. Plan de Manejo de la Reserva Natural de la Sociedad Civil &quot;Verde Esperanza&quot;. Convenio 020 de 2013 CVC-FAC y Convenio 043/2013 Conserva Colombia-FAC.</citation>
      <citation>CVC-FAC-Conserva Colombia. 2013. Plan de Manejo de la Reserva Natural de la Sociedad Civil &quot;El Fuerte&quot;. Convenio 020 de 2013 CVC-FAC y Convenio 043/2013 Conserva Colombia-FAC.</citation>
      <citation>CVC-FAC-Conserva Colombia. 2013. Plan de Manejo de la Reserva Natural de la Sociedad Civil &quot;Las Brisas&quot;. Convenio 020 de 2013 CVC-FAC y Convenio 043/2013 Conserva Colombia-FAC.</citation>
      <citation>CVC-FAC-Conserva Colombia. 2013. Plan de Manejo de la Reserva Natural de la Sociedad Civil &quot;Las Camelias&quot;. Convenio 020 de 2013 CVC-FAC y Convenio 043/2013 Conserva Colombia-FAC.</citation>
      <citation>CVC-FAC-Conserva Colombia. 2013. Plan de Manejo de la Reserva Natural de la Sociedad Civil &quot;Rosas de la Tarde&quot;. Convenio 020 de 2013 CVC-FAC y Convenio 043/2013 Conserva Colombia-FAC.</citation>
      <citation>CVC-FAC-Conserva Colombia. 2013. Plan de Manejo de la Reserva Natural de la Sociedad Civil &quot;Los Cauchos&quot;. Convenio 020 de 2013 CVC-FAC y Convenio 043/2013 Conserva Colombia-FAC.</citation>
      <citation>CVC-FAC-Conserva Colombia. 2013. Plan de Manejo de la Reserva Natural de la Sociedad Civil &quot;La Palma&quot;. Convenio 020 de 2013 CVC-FAC y Convenio 043/2013 Conserva Colombia-FAC.</citation>
      <citation>CVC-FAC-Conserva Colombia. 2013. Plan de Manejo de la Reserva Natural de la Sociedad Civil &quot;La Esmeralda&quot;. Convenio 020 de 2013 CVC-FAC y Convenio 043/2013 Conserva Colombia-FAC.</citation>
              </bibliography>
              <resourceLogoUrl>http://ipt.biodiversidad.co/valle/logo.do?r=amaime</resourceLogoUrl>
        </gbif>
    </metadata>
</additionalMetadata>

</eml:eml>
