<?xml version="1.0" encoding="utf-8"?>
<eml:eml xmlns:eml="eml://ecoinformatics.org/eml-2.1.1" xmlns:xsi="http://www.w3.org/2001/XMLSchema-instance"
         xsi:schemaLocation="eml://ecoinformatics.org/eml-2.1.1 http://rs.gbif.org/schema/eml-gbif-profile/1.1/eml.xsd"
        packageId="4d749d70-e2e1-11dd-8102-b8a03c50a862"  system="http://gbif.org" scope="system"
  xml:lang="en">

<dataset>
      <alternateIdentifier>doi:10.15468/tsrjm0</alternateIdentifier>
        <alternateIdentifier>8076</alternateIdentifier>
    <title>Rapid Assessment Program (RAP) Biodiversity Survey Database</title>
    <associatedParty>
<positionName>data administrator</positionName><electronicMailAddress>rap@conservation.org</electronicMailAddress>    <role>DATA_ADMINISTRATOR</role>
    </associatedParty>
    <language>en</language>
    <abstract>
        <para>Data from the numerous biodiversity surveys that Conservation International&amp;#39;s Rapid Assessment Program (RAP) has conducted since 1990.</para>
    </abstract>
      <intellectualRights>
        <para>This work is licensed under a <ulink url="http://creativecommons.org/licenses/by/4.0/legalcode"><citetitle>Creative Commons Attribution (CC-BY) 4.0 License</citetitle></ulink>.</para>
      </intellectualRights>
      <distribution scope="document">
          <online>
              <url function="information">http://rap.conservation.org/tapirlink/tapir.php/rap</url>
          </online>
      </distribution>

</dataset>

<additionalMetadata>
    <metadata>
      <gbif>
        <dateStamp>2017-05-14T13:37:22Z</dateStamp>
      <citation>Rapid Assessment Program (RAP) Biodiversity Survey Database. Conservation International. Occurrence Dataset http://doi.org/10.15468/tsrjm0 accessed via GBIF.org on 2017-05-14.</citation>
        </gbif>
    </metadata>
</additionalMetadata>

</eml:eml>
