<?xml version="1.0" encoding="utf-8"?>
<eml:eml xmlns:eml="eml://ecoinformatics.org/eml-2.1.1" xmlns:xsi="http://www.w3.org/2001/XMLSchema-instance"
         xsi:schemaLocation="eml://ecoinformatics.org/eml-2.1.1 http://rs.gbif.org/schema/eml-gbif-profile/1.1/eml.xsd"
        packageId="4dd6694a-2b15-464e-ae46-3cfb683e821e"  system="http://gbif.org" scope="system"
  xml:lang="es">

<dataset>
      <alternateIdentifier>doi:10.15472/r6zvqk</alternateIdentifier>
        <alternateIdentifier>http://ipt.biodiversidad.co/sib/resource?r=puj-009-mamiferos</alternateIdentifier>
        <alternateIdentifier>doi:10.15468/5ofbch</alternateIdentifier>
        <alternateIdentifier>http://data.biodiversidad.co/sib/resource?r=puj-009-mamiferos</alternateIdentifier>
        <alternateIdentifier>http://ipt.sibcolombia.net/sib/resource.do?r=puj-009-mamiferos</alternateIdentifier>
        <alternateIdentifier>4dd6694a-2b15-464e-ae46-3cfb683e821e</alternateIdentifier>
    <title>Colección de mamíferos del Museo de Historia Natural de la Pontificia Universidad Javeriana</title>
    <creator>
    <individualName>
<givenName>Jairo</givenName>        <surName>Pérez Torres</surName>
    </individualName>
<organizationName>Pontificia Universidad Javeriana</organizationName><positionName>Profesor Investigador</positionName>    <address>
<deliveryPoint>Carrera 7 No. 40 - 62</deliveryPoint><city>Bogotá, D.C.</city><administrativeArea>Bogotá, D.C.</administrativeArea><country>COLOMBIA</country>    </address>
<phone>(571)3208320</phone><electronicMailAddress>jaiperez@javeriana.edu.co</electronicMailAddress><onlineUrl>http://www.javeriana.edu.co/</onlineUrl>    </creator>
    <metadataProvider>
    <individualName>
<givenName>Jairo</givenName>        <surName>Pérez Torres</surName>
    </individualName>
<organizationName>Pontificia Universidad Javeriana</organizationName><positionName>Profesor Investigador</positionName>    <address>
<deliveryPoint>Carrera 7 No. 40 - 62</deliveryPoint><city>Bogotá, D.C.</city><administrativeArea>Bogotá, D.C.</administrativeArea><country>COLOMBIA</country>    </address>
<phone>(571)3208320</phone><electronicMailAddress>jaiperez@javeriana.edu.co</electronicMailAddress><onlineUrl>http://www.javeriana.edu.co/</onlineUrl>    </metadataProvider>
    <associatedParty>
    <individualName>
<givenName>Jairo</givenName>        <surName>Pérez Torres</surName>
    </individualName>
<organizationName>Pontificia Universidad Javeriana</organizationName><positionName>Profesor Investigador</positionName>    <address>
<deliveryPoint>Carrera 7 No. 40 - 62</deliveryPoint><city>Bogotá, D.C.</city><administrativeArea>Bogotá, D.C.</administrativeArea><country>COLOMBIA</country>    </address>
<phone>(571)3208320</phone><electronicMailAddress>jaiperez@javeriana.edu.co</electronicMailAddress><onlineUrl>http://www.javeriana.edu.co/</onlineUrl>    <role>CURATOR</role>
    </associatedParty>
    <associatedParty>
    <individualName>
<givenName>Igor Dimitri</givenName>        <surName>Forero Fuentes</surName>
    </individualName>
<organizationName>Pontificia Universidad Javeriana</organizationName><positionName>Profesor Asociado-Coordinador de Colecciones Biológicas</positionName>    <address>
<deliveryPoint>Carrera 7 No. 40 - 62</deliveryPoint><city>Bogotá, D.C.</city><administrativeArea>Bogotá, D.C.</administrativeArea><country>COLOMBIA</country>    </address>
<phone>(571)3208320</phone><electronicMailAddress>forero-i@javeriana.edu.co</electronicMailAddress><onlineUrl>http://www.javeriana.edu.co/</onlineUrl>    <role>PUBLISHER</role>
    </associatedParty>
      <pubDate>
      2017-03-09
      </pubDate>
    <language>SPANISH</language>
    <abstract>
        <para>Mamíferos depositados en la colección del Museo de Historia Natural de la Pontificia Universidad Javeriana colectados principalmente en el territorio nacional colombiano (21 departamentos) e incluye algunos ejemplares de Estados Unidos. Los ejemplares de mamíferos cubren actualmente 175 registros identificados hasta la categoría de especie y están distribuidas en 11 ordenes (Chiroptera, Rodentia, Didelphimorphia, Carnivora, Artiodactyla, Pilosa, Primates, Cingulata, Perissodactyla, Soricomorpha y Lagomorpha). La colecta de ejemplares proviene de diferentes actividades como proyectos de investigación y salidas de campo programadas en las cátedras de la universidad. La publicación de los datos se enmarca bajo un convenio de cooperación acordado entre el Instituto de Investigación de Recursos Biológicos Alexander von Humboldt y la Pontificia Universidad Javeriana.</para>
    </abstract>
        <keywordSet>
              <keyword>Occurrence</keyword>
              <keywordThesaurus>GBIF Dataset Type Vocabulary: http://rs.gbif.org/vocabulary/gbif/dataset_type.xml</keywordThesaurus>
        </keywordSet>
        <keywordSet>
              <keyword>Cingulata</keyword>
              <keyword>Carnivora</keyword>
              <keyword>Didelphimorphia</keyword>
              <keyword>ejemplares</keyword>
              <keyword>Rodentia</keyword>
              <keyword>colección</keyword>
              <keyword>Lagomorpha</keyword>
              <keyword>identificación.</keyword>
              <keyword>Mammalia</keyword>
              <keyword>Pilosa</keyword>
              <keyword>etiquetas</keyword>
              <keyword>Primates</keyword>
              <keyword>colectas</keyword>
              <keyword>Soricomorpha</keyword>
              <keyword>Artiodactyla</keyword>
              <keyword>Perissodactyla</keyword>
              <keyword>Chiroptera</keyword>
              <keywordThesaurus>n/a</keywordThesaurus>
        </keywordSet>
        <keywordSet>
              <keyword>Specimen</keyword>
              <keywordThesaurus>GBIF Dataset Subtype Vocabulary: http://rs.gbif.org/vocabulary/gbif/dataset_subtype.xml</keywordThesaurus>
        </keywordSet>
      <intellectualRights>
        <para>This work is licensed under a <ulink url="http://creativecommons.org/licenses/by-nc/4.0/legalcode"><citetitle>Creative Commons Attribution Non Commercial (CC-BY-NC) 4.0 License</citetitle></ulink>.</para>
      </intellectualRights>
      <coverage>
            <geographicCoverage>
                  <geographicDescription>Con una cobertura en el territorio nacional colombiano principalmente. Actualmente los ejemplares cubren 21 departamentos del país. Incluye algunos ejemplares de Estados Unidos.</geographicDescription>
                  <boundingCoordinates>
                      <westBoundingCoordinate>-79.23</westBoundingCoordinate>
                      <eastBoundingCoordinate>-69.18</eastBoundingCoordinate>
                      <northBoundingCoordinate>12.99</northBoundingCoordinate>
                      <southBoundingCoordinate>-3.37</southBoundingCoordinate>
                  </boundingCoordinates>
            </geographicCoverage>
          <temporalCoverage>
            <rangeOfDates>
              <beginDate>
                <calendarDate>      1947-01-16
</calendarDate>
              </beginDate>
              <endDate>
                <calendarDate>      2013-06-03
</calendarDate>
              </endDate>
            </rangeOfDates>
          </temporalCoverage>
              <taxonomicCoverage>
                    <generalTaxonomicCoverage>Ejemplares de mamíferos representados en 11 ordenes distribuidos en 41 familias. La clasificación taxonómica se basó en: Mammal Species of the World. A Taxonomic and Geographic Reference. D. E. Wilson y DeeAnn M. Reeder (eds.). 2005. The Johns Hopkins University Press, Baltimore; 2 Vols. 2142 pp; SOLARI, Sergio et al. Riqueza, endemismo y conservación de los mamíferos de Colombia. Mastozool. neotrop. [online]. 2013, vol.20, n.2 [citado  2015-05-14], pp. 301-365 . Disponible en: &lt;http://www.scielo.org.ar/scielo.php?script=sci_arttext&amp;pid=S0327-93832013000200008&amp;lng=es&amp;nrm=iso&gt;. ISSN 1666-0536. Actualmente con 174 registros identificados hasta la categoría de especie.</generalTaxonomicCoverage>
                    <taxonomicClassification>
                          <taxonRankName>Family</taxonRankName>
                        <taxonRankValue>Mormoopidae</taxonRankValue>
                    </taxonomicClassification>
                    <taxonomicClassification>
                          <taxonRankName>Family</taxonRankName>
                        <taxonRankValue>Vespertilionidae</taxonRankValue>
                    </taxonomicClassification>
                    <taxonomicClassification>
                          <taxonRankName>Family</taxonRankName>
                        <taxonRankValue>Phyllostomidae</taxonRankValue>
                    </taxonomicClassification>
                    <taxonomicClassification>
                          <taxonRankName>Family</taxonRankName>
                        <taxonRankValue>Cricetidae</taxonRankValue>
                    </taxonomicClassification>
                    <taxonomicClassification>
                          <taxonRankName>Family</taxonRankName>
                        <taxonRankValue>Didelphidae</taxonRankValue>
                    </taxonomicClassification>
                    <taxonomicClassification>
                          <taxonRankName>Family</taxonRankName>
                        <taxonRankValue>Felidae</taxonRankValue>
                    </taxonomicClassification>
                    <taxonomicClassification>
                          <taxonRankName>Family</taxonRankName>
                        <taxonRankValue>Tayassuidae</taxonRankValue>
                    </taxonomicClassification>
                    <taxonomicClassification>
                          <taxonRankName>Family</taxonRankName>
                        <taxonRankValue>Megalonychidae</taxonRankValue>
                    </taxonomicClassification>
                    <taxonomicClassification>
                          <taxonRankName>Family</taxonRankName>
                        <taxonRankValue>Cebidae</taxonRankValue>
                    </taxonomicClassification>
                    <taxonomicClassification>
                          <taxonRankName>Family</taxonRankName>
                        <taxonRankValue>Cuniculidae</taxonRankValue>
                    </taxonomicClassification>
                    <taxonomicClassification>
                          <taxonRankName>Family</taxonRankName>
                        <taxonRankValue>Muridae</taxonRankValue>
                    </taxonomicClassification>
                    <taxonomicClassification>
                          <taxonRankName>Family</taxonRankName>
                        <taxonRankValue>Dasypodidae</taxonRankValue>
                    </taxonomicClassification>
                    <taxonomicClassification>
                          <taxonRankName>Family</taxonRankName>
                        <taxonRankValue>Ursidae</taxonRankValue>
                    </taxonomicClassification>
                    <taxonomicClassification>
                          <taxonRankName>Family</taxonRankName>
                        <taxonRankValue>Cervidae</taxonRankValue>
                    </taxonomicClassification>
                    <taxonomicClassification>
                          <taxonRankName>Family</taxonRankName>
                        <taxonRankValue>Tapiridae</taxonRankValue>
                    </taxonomicClassification>
                    <taxonomicClassification>
                          <taxonRankName>Family</taxonRankName>
                        <taxonRankValue>Dasyproctidae</taxonRankValue>
                    </taxonomicClassification>
                    <taxonomicClassification>
                          <taxonRankName>Family</taxonRankName>
                        <taxonRankValue>Mustelidae</taxonRankValue>
                    </taxonomicClassification>
                    <taxonomicClassification>
                          <taxonRankName>Family</taxonRankName>
                        <taxonRankValue>Molossidae</taxonRankValue>
                    </taxonomicClassification>
                    <taxonomicClassification>
                          <taxonRankName>Family</taxonRankName>
                        <taxonRankValue>Sciuridae</taxonRankValue>
                    </taxonomicClassification>
                    <taxonomicClassification>
                          <taxonRankName>Family</taxonRankName>
                        <taxonRankValue>Thyropteridae</taxonRankValue>
                    </taxonomicClassification>
                    <taxonomicClassification>
                          <taxonRankName>Family</taxonRankName>
                        <taxonRankValue>Echimyidae</taxonRankValue>
                    </taxonomicClassification>
                    <taxonomicClassification>
                          <taxonRankName>Family</taxonRankName>
                        <taxonRankValue>Atelidae</taxonRankValue>
                    </taxonomicClassification>
                    <taxonomicClassification>
                          <taxonRankName>Family</taxonRankName>
                        <taxonRankValue>Natalidae</taxonRankValue>
                    </taxonomicClassification>
                    <taxonomicClassification>
                          <taxonRankName>Family</taxonRankName>
                        <taxonRankValue>Emballonuridae</taxonRankValue>
                    </taxonomicClassification>
                    <taxonomicClassification>
                          <taxonRankName>Family</taxonRankName>
                        <taxonRankValue>Noctilionidae</taxonRankValue>
                    </taxonomicClassification>
                    <taxonomicClassification>
                          <taxonRankName>Family</taxonRankName>
                        <taxonRankValue>Myrmecophagidae</taxonRankValue>
                    </taxonomicClassification>
                    <taxonomicClassification>
                          <taxonRankName>Family</taxonRankName>
                        <taxonRankValue>Procyonidae</taxonRankValue>
                    </taxonomicClassification>
                    <taxonomicClassification>
                          <taxonRankName>Family</taxonRankName>
                        <taxonRankValue>Bradypodidae</taxonRankValue>
                    </taxonomicClassification>
                    <taxonomicClassification>
                          <taxonRankName>Family</taxonRankName>
                        <taxonRankValue>Suidae</taxonRankValue>
                    </taxonomicClassification>
                    <taxonomicClassification>
                          <taxonRankName>Family</taxonRankName>
                        <taxonRankValue>Bovidae</taxonRankValue>
                    </taxonomicClassification>
                    <taxonomicClassification>
                          <taxonRankName>Family</taxonRankName>
                        <taxonRankValue>Hominidae</taxonRankValue>
                    </taxonomicClassification>
                    <taxonomicClassification>
                          <taxonRankName>Family</taxonRankName>
                        <taxonRankValue>Cyclopedidae</taxonRankValue>
                    </taxonomicClassification>
                    <taxonomicClassification>
                          <taxonRankName>Family</taxonRankName>
                        <taxonRankValue>Caviidae</taxonRankValue>
                    </taxonomicClassification>
                    <taxonomicClassification>
                          <taxonRankName>Family</taxonRankName>
                        <taxonRankValue>Equidae</taxonRankValue>
                    </taxonomicClassification>
                    <taxonomicClassification>
                          <taxonRankName>Family</taxonRankName>
                        <taxonRankValue>Canidae</taxonRankValue>
                    </taxonomicClassification>
                    <taxonomicClassification>
                          <taxonRankName>Family</taxonRankName>
                        <taxonRankValue>Aotidae</taxonRankValue>
                    </taxonomicClassification>
                    <taxonomicClassification>
                          <taxonRankName>Family</taxonRankName>
                        <taxonRankValue>Callitrichidae</taxonRankValue>
                    </taxonomicClassification>
                    <taxonomicClassification>
                          <taxonRankName>Family</taxonRankName>
                        <taxonRankValue>Soricidae</taxonRankValue>
                    </taxonomicClassification>
                    <taxonomicClassification>
                          <taxonRankName>Family</taxonRankName>
                        <taxonRankValue>Heteromyidae</taxonRankValue>
                    </taxonomicClassification>
                    <taxonomicClassification>
                          <taxonRankName>Family</taxonRankName>
                        <taxonRankValue>Geomyidae</taxonRankValue>
                    </taxonomicClassification>
                    <taxonomicClassification>
                          <taxonRankName>Family</taxonRankName>
                        <taxonRankValue>Ochotonidae</taxonRankValue>
                    </taxonomicClassification>
              </taxonomicCoverage>
      </coverage>
      <purpose>
          <para>Preservar ejemplares de mamíferos colectados principalmente en el territorio de Colombia con el propósito de aportar al conocimiento sobre la biodiversidad del país.</para>
      </purpose>
      <maintenance>
          <description>
              <para></para>
          </description>
          <maintenanceUpdateFrequency>unkown</maintenanceUpdateFrequency>
      </maintenance>
      <contact>
    <individualName>
<givenName>Igor Dimitri</givenName>        <surName>Forero Fuentes</surName>
    </individualName>
<organizationName>Pontificia Universidad Javeriana</organizationName><positionName>Profesor Asociado-Coordinador de Colecciones Biológicas</positionName>    <address>
<deliveryPoint>Carrera 7 No. 40 - 62</deliveryPoint><city>Bogotá, D.C.</city><administrativeArea>Bogotá, D.C.</administrativeArea><country>COLOMBIA</country>    </address>
<phone>(571)3208320</phone><electronicMailAddress>forero-i@javeriana.edu.co</electronicMailAddress><onlineUrl>http://www.javeriana.edu.co/</onlineUrl>      </contact>
      <methods>
            <methodStep>
                <description>
                    <para>Para la colecta de especímenes se han instalado redes de niebla, trampas tipo arpa, trama Tomahawk, Havahart, Sherman entre otras utilizando métodos de  captura recaptura, transectos, cuadrantes y puntos aleatorios. Algunos de los ejemplares que han llegado a la colección han sido encuentros accidentales de los especímenes o parte de ellos.
Los ejemplares son recibidos en la colección con los datos de colecta, la identificación es validada por expertos. A los ejemplares se les asigna número dentro de los registros el cuál es puesto en la etiqueta del ejemplar con todos sus datos (como identificación, medidas, estado del ejemplar, partes, sexo, localidad), estos mismos se encuentran en una base de datos en Excel.  Cada ejemplar dentro de la colección debe contar con un numero de registro y debe estar especificado claramente que partes de ejemplar se encuentran dentro de la colección.</para>
                </description>
            </methodStep>
            <sampling>
                <studyExtent>
                    <description>
                        <para>Con una cobertura en el territorio nacional colombiano. Actualmente los ejemplares cubren 29 departamentos del país.</para>
                    </description>
                </studyExtent>
                <samplingDescription>
                    <para>Los ejemplares que ingresan a la colección de mamíferos son colectados, curados e identificados por expertos del grupo.</para>
                </samplingDescription>
            </sampling>
            <qualityControl>
                <description>
                    <para>Los datos fueron validados y depurados con las herramientas recomendadas por el SiB Colombia para mejorar la calidad de datos. La clasificación taxonómica se basó en: Mammal Species of the World. A Taxonomic and Geographic Reference. D. E. Wilson y DeeAnn M. Reeder (eds.). 2005. The Johns Hopkins University Press, Baltimore; 2 Vols. 2142 pp; SOLARI, Sergio et al. Riqueza, endemismo y conservación de los mamíferos de Colombia. Mastozool. neotrop. [online]. 2013, vol.20, n.2 [citado  2015-05-14], pp. 301-365 . Disponible en: &lt;http://www.scielo.org.ar/scielo.php?script=sci_arttext&amp;pid=S0327-93832013000200008&amp;lng=es&amp;nrm=iso&gt;. ISSN 1666-0536.</para>
                </description>
            </qualityControl>
      </methods>

      <project >
          <title>Colección de anfibios del Museo de Historia Natural de la Pontificia Universidad Javeriana</title>
          <personnel>
    <individualName>
<givenName>Jairo</givenName>        <surName>Pérez Torres</surName>
    </individualName>
    <role>PRINCIPAL_INVESTIGATOR</role>
          </personnel>
          <funding>
              <para>Convenio de Cooperación No. 13-13-014-281 CE entre el Instituto de Investigación de Recursos Biológicos Alexander von Humboldt y la Pontificia Universidad Javeriana.</para>
          </funding>
            <studyAreaDescription>
                <descriptor name="generic" citableClassificationSystem="false">
                    <descriptorValue>Territorio nacional de Colombia principalmente.</descriptorValue>
                </descriptor>
            </studyAreaDescription>
            <designDescription>
                <description>
                    <para>Curar y preservar ejemplares de mamíferos colectados de diferentes actividades como salidas de campo.</para>
                </description>
            </designDescription>
      </project>
</dataset>

<additionalMetadata>
    <metadata>
      <gbif>
        <dateStamp>2017-05-14T13:37:14Z</dateStamp>
      <citation identifier="http://doi.org/10.15472/r6zvqk">Pérez Torres J (2017). Colección de mamíferos del Museo de Historia Natural de la Pontificia Universidad Javeriana. Version 4.4. Pontificia Universidad Javeriana. Occurrence Dataset http://doi.org/10.15472/r6zvqk accessed via GBIF.org on 2017-05-14.</citation>
              <bibliography>
      <citation identifier="http://www.scielo.org.ar/scielo.php?script=sci_arttext&amp;pid=S0327-93832013000200008&amp;lng=es&amp;nrm=iso&gt;. ISSN 1666-0536.">SOLARI, Sergio et al. Riqueza, endemismo y conservación de los mamíferos de Colombia. Mastozool. neotrop. [online]. 2013, vol.20, n.2 [citado  2015-05-14], pp. 301-365.</citation>
      <citation identifier="http://vertebrates.si.edu/msw/mswcfapp/msw/index.cfm  ">Mammal Species of the World. A Taxonomic and Geographic Reference. D. E. Wilson y DeeAnn M. Reeder (eds.). 2005. The Johns Hopkins University Press, Baltimore; 2 Vols. 2142 pp.</citation>
              </bibliography>
              <resourceLogoUrl>https://s3.amazonaws.com/IPT/img/logos/javeriana.png</resourceLogoUrl>
              <collection>
                <parentCollectionIdentifier>MPUJ</parentCollectionIdentifier>
                <collectionIdentifier>Registro Nacional de Colecciones: 012</collectionIdentifier>
                <collectionName>Colección de mamíferos del Museo de Historia Natural de la Pontificia Universidad Javeriana</collectionName>
              </collection>
                <specimenPreservationMethod>OTHER</specimenPreservationMethod>
        </gbif>
    </metadata>
</additionalMetadata>

</eml:eml>
