<?xml version="1.0" encoding="utf-8"?>
<eml:eml xmlns:eml="eml://ecoinformatics.org/eml-2.1.1" xmlns:xsi="http://www.w3.org/2001/XMLSchema-instance"
         xsi:schemaLocation="eml://ecoinformatics.org/eml-2.1.1 http://rs.gbif.org/schema/eml-gbif-profile/1.1/eml.xsd"
        packageId="4e50e3a6-8d31-44bc-ad3d-de6311ad0943"  system="http://gbif.org" scope="system"
  xml:lang="en">

<dataset>
      <alternateIdentifier>doi:10.15468/jnwoq8</alternateIdentifier>
        <alternateIdentifier>http://ipt.vertnet.org:8080/ipt/resource?r=nmmnh_mammals</alternateIdentifier>
        <alternateIdentifier>http://ipt.vertnet.org:8080/ipt/resource.do?r=nmmnh_mammals</alternateIdentifier>
        <alternateIdentifier>4e50e3a6-8d31-44bc-ad3d-de6311ad0943</alternateIdentifier>
        <alternateIdentifier>14136</alternateIdentifier>
    <title>NMMNH Mammal</title>
    <creator>
    <individualName>
<givenName>Patricia</givenName>        <surName>Gegick</surName>
    </individualName>
<organizationName>New Mexico Museum of Natural History and Science</organizationName><positionName>Bioscience Collections Manager</positionName>    <address>
<deliveryPoint>1801 Mountain Road NW</deliveryPoint><city>Albuquerque</city><administrativeArea>New Mexico</administrativeArea><postalCode>87104</postalCode><country>UNITED_STATES</country>    </address>
<phone>+01 505 841 2867</phone><electronicMailAddress>patricia.gegick@state.nm.us</electronicMailAddress><onlineUrl>http://nmnaturalhistory.org</onlineUrl>    </creator>
    <metadataProvider>
    <individualName>
<givenName>Patricia</givenName>        <surName>Gegick</surName>
    </individualName>
<organizationName>New Mexico Museum of Natural History and Science</organizationName><positionName>Bioscience Collections Manager</positionName>    <address>
<deliveryPoint>1801 Mountain Road NW</deliveryPoint><city>Albuquerque</city><administrativeArea>New Mexico</administrativeArea><postalCode>87104</postalCode><country>UNITED_STATES</country>    </address>
<phone>+01 505 841 2867</phone><electronicMailAddress>patricia.gegick@state.nm.us</electronicMailAddress><onlineUrl>http://nmnaturalhistory.org</onlineUrl>    </metadataProvider>
    <associatedParty>
    <individualName>
<givenName>Laura</givenName>        <surName>Russell</surName>
    </individualName>
<organizationName>VertNet</organizationName><positionName>VertNet Programmer</positionName><electronicMailAddress>larussell@vertnet.org</electronicMailAddress>    <role>PROGRAMMER</role>
    </associatedParty>
    <associatedParty>
    <individualName>
<givenName>David</givenName>        <surName>Bloom</surName>
    </individualName>
<organizationName>VertNet</organizationName><positionName>VertNet Coordinator</positionName><electronicMailAddress>dbloom@vertnet.org</electronicMailAddress>    <role>PROGRAMMER</role>
    </associatedParty>
    <associatedParty>
    <individualName>
<givenName>John</givenName>        <surName>Wieczorek</surName>
    </individualName>
<organizationName>Museum of Vertebrate Zoology at Berkeley</organizationName><positionName>Information Architect</positionName><electronicMailAddress>tuco@berkeley.edu</electronicMailAddress>    <role>PROGRAMMER</role>
    </associatedParty>
      <pubDate>
      2016-12-22
      </pubDate>
    <language>ENGLISH</language>
    <abstract>
        <para>Small mammals primarily from southwestern United States and Mexico.  Includes pikas from New Mexico to Alaska.</para>
    </abstract>
        <keywordSet>
              <keyword>Occurrence</keyword>
              <keywordThesaurus>GBIF Dataset Type Vocabulary: http://rs.gbif.org/vocabulary/gbif/dataset_type.xml</keywordThesaurus>
        </keywordSet>
        <keywordSet>
              <keyword>Specimen</keyword>
              <keywordThesaurus>GBIF Dataset Subtype Vocabulary: http://rs.gbif.org/vocabulary/gbif/dataset_subtype.xml</keywordThesaurus>
        </keywordSet>
      <additionalInfo>
          <para>http://vertnet.org/resources/norms.html</para>
      </additionalInfo>
      <intellectualRights>
        <para>To the extent possible under law, the publisher has waived all rights to these data and has dedicated them to the <ulink url="http://creativecommons.org/publicdomain/zero/1.0/legalcode"><citetitle>Public Domain (CC0 1.0)</citetitle></ulink>. Users may copy, modify, distribute and use the work, including for commercial purposes, without restriction.</para>
      </intellectualRights>
      <maintenance>
          <description>
              <para></para>
          </description>
          <maintenanceUpdateFrequency>unkown</maintenanceUpdateFrequency>
      </maintenance>
      <contact>
    <individualName>
<givenName>Patricia</givenName>        <surName>Gegick</surName>
    </individualName>
<organizationName>New Mexico Museum of Natural History and Science</organizationName><positionName>Bioscience Collections Manager</positionName>    <address>
<deliveryPoint>1801 Mountain Road NW</deliveryPoint><city>Albuquerque</city><administrativeArea>New Mexico</administrativeArea><postalCode>87104</postalCode><country>UNITED_STATES</country>    </address>
<phone>+01 505 841 2867</phone><electronicMailAddress>patricia.gegick@state.nm.us</electronicMailAddress><onlineUrl>http://nmnaturalhistory.org</onlineUrl>      </contact>

</dataset>

<additionalMetadata>
    <metadata>
      <gbif>
        <dateStamp>2017-05-14T13:37:26Z</dateStamp>
      <citation>Gegick P (2016). NMMNH Mammal. Version 9.1. New Mexico Museum of Natural History and Science. Occurrence Dataset http://doi.org/10.15468/jnwoq8 accessed via GBIF.org on 2017-05-14.</citation>
        </gbif>
    </metadata>
</additionalMetadata>

</eml:eml>
