<?xml version="1.0" encoding="utf-8"?>
<eml:eml xmlns:eml="eml://ecoinformatics.org/eml-2.1.1" xmlns:xsi="http://www.w3.org/2001/XMLSchema-instance"
         xsi:schemaLocation="eml://ecoinformatics.org/eml-2.1.1 http://rs.gbif.org/schema/eml-gbif-profile/1.1/eml.xsd"
        packageId="7c93d290-6c8b-11de-8226-b8a03c50a862"  system="http://gbif.org" scope="system"
  xml:lang="en">

<dataset>
      <alternateIdentifier>doi:10.15468/5qt0dm</alternateIdentifier>
        <alternateIdentifier>cf80307d-5090-33a6-98e8-792995bfe67b</alternateIdentifier>
        <alternateIdentifier>14123</alternateIdentifier>
    <title>Western Australian Museum provider for OZCAM</title>
    <creator>
<organizationName>OZCAM (Online Zoological Collections of Australian Museums) Provider</organizationName><onlineUrl>http://www.ozcam.org.au/</onlineUrl>    </creator>
    <creator>
<organizationName>Western Australian Museum</organizationName>    <address>
<deliveryPoint>Perth Cultural Centre, James Street</deliveryPoint><city>Perth</city><administrativeArea>Western Australia</administrativeArea><postalCode>6000</postalCode><country>AUSTRALIA</country>    </address>
<onlineUrl>http://www.museum.wa.gov.au/</onlineUrl>    </creator>
    <metadataProvider>
<organizationName>OZCAM (Online Zoological Collections of Australian Museums) Provider</organizationName><onlineUrl>http://www.ozcam.org.au/</onlineUrl>    </metadataProvider>
    <associatedParty>
<organizationName>Atlas of Living Australia</organizationName>    <address>
<deliveryPoint>CSIRO Ecosystems Services</deliveryPoint><city>Canberra</city><administrativeArea>ACT</administrativeArea><postalCode>2605</postalCode><country>AUSTRALIA</country>    </address>
<electronicMailAddress>info@ala.org.au</electronicMailAddress>    <role>DISTRIBUTOR</role>
    </associatedParty>
      <pubDate>
      2016-05-24
      </pubDate>
    <language>ENGLISH</language>
    <abstract>
        <para>Western Australian Museum provider for OZCAM</para>
    </abstract>
      <intellectualRights>
        <para>This work is licensed under a <ulink url="http://creativecommons.org/licenses/by/4.0/legalcode"><citetitle>Creative Commons Attribution (CC-BY) 4.0 License</citetitle></ulink>.</para>
      </intellectualRights>
      <distribution scope="document">
          <online>
              <url function="information">http://collections.ala.org.au/public/show/dr348</url>
          </online>
      </distribution>
      <contact>
    <individualName>
<givenName>OZCAM</givenName>        <surName>Webmaster</surName>
    </individualName>
<positionName>Webmaster</positionName><electronicMailAddress>OZCAM.CHAFC@gmail.com</electronicMailAddress>      </contact>

</dataset>

<additionalMetadata>
    <metadata>
      <gbif>
        <dateStamp>2017-05-14T13:37:28Z</dateStamp>
      <citation>(2016). Western Australian Museum provider for OZCAM. Western Australian Museum. Occurrence Dataset http://doi.org/10.15468/5qt0dm accessed via GBIF.org on 2017-05-14.</citation>
              <resourceLogoUrl>http://collections.ala.org.au/data/dataProvider/ozcam.png</resourceLogoUrl>
        </gbif>
    </metadata>
</additionalMetadata>

</eml:eml>
