<?xml version="1.0" encoding="utf-8"?>
<eml:eml xmlns:eml="eml://ecoinformatics.org/eml-2.1.1" xmlns:xsi="http://www.w3.org/2001/XMLSchema-instance"
         xsi:schemaLocation="eml://ecoinformatics.org/eml-2.1.1 http://rs.gbif.org/schema/eml-gbif-profile/1.1/eml.xsd"
        packageId="7f852dd6-f762-11e1-a439-00145eb45e9a"  system="http://gbif.org" scope="system"
  xml:lang="en">

<dataset>
      <alternateIdentifier>doi:10.15468/mrkdhg</alternateIdentifier>
        <alternateIdentifier>13128</alternateIdentifier>
    <title>Computarización de la Colección Nacional de mamíferos del Instituto de Biología, UNAM</title>
    <associatedParty>
<positionName>Bióloga</positionName><phone>(52) 55-50044966</phone><electronicMailAddress>scareaga@conabio.gob.mx</electronicMailAddress>    </associatedParty>
    <associatedParty>
<positionName>Dr.</positionName><electronicMailAddress>fac@ibunam2.ibiologia.unam.mx</electronicMailAddress>    </associatedParty>
    <language>en</language>
    <abstract>
        <para>Se computarizará la Colección Nacional de Mamíferos del Instituto de Biología, UNAM, que consta de 15,700 registros curatoriales ordenados por entidad federativa. Las entidades consideradas son 10: Yucatán (540) , Quintana Roo (490), Campeche (595), Tabasco (515), Chiapas (3,428), Oaxaca (4,355), Veracruz (2,241), Puebla (3,172), Tlaxcala (341) e Hidalgo (256), cuyos registros representan aproximadamente a 11 órdenes, 34 familias, 121 géneros, 228 especies y 255 subespecies de mamíferos mexicanos. El producto principal será la elaboración de una base de datos de la información resultante utilizando el sistema de información Biótica (v. 4).</para>
    </abstract>
      <intellectualRights>
        <para>This work is licensed under a <ulink url="http://creativecommons.org/licenses/by-nc/4.0/legalcode"><citetitle>Creative Commons Attribution Non Commercial (CC-BY-NC) 4.0 License</citetitle></ulink>.</para>
      </intellectualRights>

</dataset>

<additionalMetadata>
    <metadata>
      <gbif>
        <dateStamp>2017-05-14T13:37:27Z</dateStamp>
      <citation>Computarización de la Colección Nacional de mamíferos del Instituto de Biología, UNAM. Comisión nacional para el conocimiento y uso de la biodiversidad. Occurrence Dataset http://doi.org/10.15468/mrkdhg accessed via GBIF.org on 2017-05-14.</citation>
        </gbif>
    </metadata>
</additionalMetadata>

</eml:eml>
