<?xml version="1.0" encoding="utf-8"?>
<eml:eml xmlns:eml="eml://ecoinformatics.org/eml-2.1.1" xmlns:xsi="http://www.w3.org/2001/XMLSchema-instance"
         xsi:schemaLocation="eml://ecoinformatics.org/eml-2.1.1 http://rs.gbif.org/schema/eml-gbif-profile/1.1/eml.xsd"
        packageId="811f7d86-f762-11e1-a439-00145eb45e9a"  system="http://gbif.org" scope="system"
  xml:lang="en">

<dataset>
      <alternateIdentifier>doi:10.15468/zgxhwc</alternateIdentifier>
        <alternateIdentifier>13488</alternateIdentifier>
    <title>Ibaraki Nature Museum, Mammals collection</title>
    <associatedParty>
<positionName>Chief museum curator</positionName><phone>+81-297-38-2000</phone><electronicMailAddress>yamazaki@nat.pref.ibaraki.jp</electronicMailAddress>    </associatedParty>
    <associatedParty>
<positionName>Chief museum curator</positionName><phone>+81-297-38-2000</phone><electronicMailAddress>yamazaki@nat.pref.ibaraki.jp</electronicMailAddress>    </associatedParty>
    <language>en</language>
    <abstract>
        <para>Mammals specimens deposited in the Ibaraki Nature Museum</para>
    </abstract>
      <intellectualRights>
        <para>This work is licensed under a <ulink url="http://creativecommons.org/licenses/by/4.0/legalcode"><citetitle>Creative Commons Attribution (CC-BY) 4.0 License</citetitle></ulink>.</para>
      </intellectualRights>
      <distribution scope="document">
          <online>
              <url function="information">http://www.nat.pref.ibaraki.jp/english/index.html</url>
          </online>
      </distribution>

</dataset>

<additionalMetadata>
    <metadata>
      <gbif>
        <dateStamp>2017-05-14T13:37:09Z</dateStamp>
      <citation>Ibaraki Nature Museum, Mammals collection. National Museum of Nature and Science, Japan. Occurrence Dataset http://doi.org/10.15468/zgxhwc accessed via GBIF.org on 2017-05-14.</citation>
        </gbif>
    </metadata>
</additionalMetadata>

</eml:eml>
