<?xml version="1.0" encoding="utf-8"?>
<eml:eml xmlns:eml="eml://ecoinformatics.org/eml-2.1.1" xmlns:xsi="http://www.w3.org/2001/XMLSchema-instance"
         xsi:schemaLocation="eml://ecoinformatics.org/eml-2.1.1 http://rs.gbif.org/schema/eml-gbif-profile/1.1/eml.xsd"
        packageId="8411c274-49e8-4871-8ddd-9244ab7ae5d2"  system="http://gbif.org" scope="system"
  xml:lang="en">

<dataset>
      <alternateIdentifier>doi:10.15468/evdcls</alternateIdentifier>
        <alternateIdentifier>638</alternateIdentifier>
    <title>Mammal specimens</title>
    <language>en</language>
    <abstract>
        <para>SDNHM mammal specimens.</para>
    </abstract>
      <intellectualRights>
        <para>This work is licensed under a <ulink url="http://creativecommons.org/licenses/by/4.0/legalcode"><citetitle>Creative Commons Attribution (CC-BY) 4.0 License</citetitle></ulink>.</para>
      </intellectualRights>
      <contact>
    <individualName>
<givenName>Phil</givenName>        <surName>Unitt</surName>
    </individualName>
<positionName>Birds and Mammals Curator</positionName><phone>+01 619-255-0235</phone><electronicMailAddress>punitt@sdnhm.org</electronicMailAddress>      </contact>

</dataset>

<additionalMetadata>
    <metadata>
      <gbif>
        <dateStamp>2017-05-14T13:37:27Z</dateStamp>
      <citation>Mammal specimens. San Diego Natural History Museum. Occurrence Dataset http://doi.org/10.15468/evdcls accessed via GBIF.org on 2017-05-14.</citation>
        </gbif>
    </metadata>
</additionalMetadata>

</eml:eml>
