<?xml version="1.0" encoding="utf-8"?>
<eml:eml xmlns:eml="eml://ecoinformatics.org/eml-2.1.1" xmlns:xsi="http://www.w3.org/2001/XMLSchema-instance"
         xsi:schemaLocation="eml://ecoinformatics.org/eml-2.1.1 http://rs.gbif.org/schema/eml-gbif-profile/1.1/eml.xsd"
        packageId="84aefc7e-f762-11e1-a439-00145eb45e9a"  system="http://gbif.org" scope="system"
  xml:lang="en">

<dataset>
      <alternateIdentifier>doi:10.15468/fmuion</alternateIdentifier>
        <alternateIdentifier>http://65.52.215.125/ipt/resource?r=mammals</alternateIdentifier>
        <alternateIdentifier>http://iptsnomnh.cloudapp.net:8080/ipt/resource.do?r=mammals</alternateIdentifier>
        <alternateIdentifier>84aefc7e-f762-11e1-a439-00145eb45e9a</alternateIdentifier>
        <alternateIdentifier>631</alternateIdentifier>
    <title>Mammals Specimens</title>
    <creator>
    <individualName>
<givenName>Janet</givenName>        <surName>Braun</surName>
    </individualName>
<organizationName>Sam Noble Oklahoma Museum of Natural History</organizationName><positionName>Curator</positionName>    <address>
<deliveryPoint>2401 Chautauqua Ave.</deliveryPoint><city>Norman</city><administrativeArea>Oklahoma</administrativeArea><postalCode>73072</postalCode><country>UNITED_STATES</country>    </address>
<phone>405-325-0801</phone><electronicMailAddress>jkbraun@ou.edu</electronicMailAddress><onlineUrl>http://samnoblemuseum.ou.edu</onlineUrl>    </creator>
    <metadataProvider>
    <individualName>
<givenName>Paul</givenName>        <surName>King</surName>
    </individualName>
<organizationName>Sam Noble Oklahoma Museum of Natural History</organizationName><positionName>Head of IT</positionName>    <address>
<deliveryPoint>2401 Chautauqua Ave.</deliveryPoint><city>Norman</city><administrativeArea>Oklahoma</administrativeArea><postalCode>73072</postalCode><country>UNITED_STATES</country>    </address>
<phone>405-325-1018</phone><electronicMailAddress>pking@ou.edu</electronicMailAddress><onlineUrl>http://samnoblemuseum.ou.edu</onlineUrl>    </metadataProvider>
    <associatedParty>
    <individualName>
<givenName>Paul</givenName>        <surName>King</surName>
    </individualName>
<organizationName>Sam Noble Oklahoma Museum of Natural History</organizationName><positionName>IT Head</positionName>    <address>
<deliveryPoint>2401 Chautauqua Ave.</deliveryPoint><city>Norman</city><administrativeArea>Oklahoma</administrativeArea><postalCode>73072</postalCode><country>UNITED_STATES</country>    </address>
<phone>405-325-1018</phone><electronicMailAddress>pking@ou.edu</electronicMailAddress><onlineUrl>http://samnoblemuseum.ou.edu</onlineUrl>    <role>POINT_OF_CONTACT</role>
    </associatedParty>
    <associatedParty>
    <individualName>
<givenName>Sarah</givenName>        <surName>Sanger</surName>
    </individualName>
<organizationName>Sam Noble Oklahoma Museum of Natural History</organizationName><positionName>Information Systems Lead</positionName>    <address>
<deliveryPoint>2401 Chautauqua Ave.</deliveryPoint><city>Norman</city><administrativeArea>Oklahoma</administrativeArea><postalCode>73072</postalCode><country>UNITED_STATES</country>    </address>
<phone>405-325-4168</phone><electronicMailAddress>ssanger@ou.edu</electronicMailAddress><onlineUrl>http://samnoblemuseum.ou.edu</onlineUrl>    <role>POINT_OF_CONTACT</role>
    </associatedParty>
    <associatedParty>
    <individualName>
<givenName>Elsbeth</givenName>        <surName>Dowd</surName>
    </individualName>
<organizationName>Sam Noble Oklahoma Museum of Natural History</organizationName><positionName>Registrar</positionName>    <address>
<deliveryPoint>2401 Chautauqua Ave.</deliveryPoint><city>Norman</city><administrativeArea>Oklahoma</administrativeArea><postalCode>73072</postalCode><country>UNITED_STATES</country>    </address>
<phone>405-325-1035</phone><electronicMailAddress>efield@ou.edu</electronicMailAddress><onlineUrl>http://samnoblemuseum.ou.edu</onlineUrl>    <role>POINT_OF_CONTACT</role>
    </associatedParty>
    <associatedParty>
    <individualName>
<givenName>Brandi</givenName>        <surName>Coyner</surName>
    </individualName>
<organizationName>Sam Noble Oklahoma Museum of Natural History</organizationName><positionName>Curatorial Associate</positionName>    <address>
<deliveryPoint>2401 Chautauqua Ave.</deliveryPoint><city>Norman</city><administrativeArea>Oklahoma</administrativeArea><postalCode>73072</postalCode><country>UNITED_STATES</country>    </address>
<phone>405-325-7988</phone><electronicMailAddress>bcoyner@ou.edu</electronicMailAddress><onlineUrl>http://samnoblemuseum.ou.edu</onlineUrl>    <role>CONTENT_PROVIDER</role>
    </associatedParty>
      <pubDate>
      2017-05-10
      </pubDate>
    <language>ENGLISH</language>
    <abstract>
        <para>The Collection of Mammals of the OMNH was begun in 1899 and has developed into a significant local, regional, national, and international resource. The collection is the core for the division’s scholarly research and the museum’s exhibits, and formal and informal science education programs. 

The SNOMNH mammal collection consists of about 65,000 cataloged specimens, representing 25 of the 29 mammalian orders and 93 of 153 mammalian families.</para>
    </abstract>
        <keywordSet>
              <keyword>Specimen</keyword>
              <keywordThesaurus>GBIF Dataset Subtype Vocabulary: http://rs.gbif.org/vocabulary/gbif/dataset_subtype.xml</keywordThesaurus>
        </keywordSet>
        <keywordSet>
              <keyword>Occurrence</keyword>
              <keywordThesaurus>GBIF Dataset Type Vocabulary: http://rs.gbif.org/vocabulary/gbif/dataset_type.xml</keywordThesaurus>
        </keywordSet>
      <additionalInfo>
          <para>The SNOMNH desires to provide only accurate data. Although databases are refreshed and updated regularly, the databases are provided ‘as is’ without express or implied warranty, including the implied warranty of merchantability and fitness for a particular purpose. The SNOMNH does not accept responsibility for the accuracy of data taken by the user. The user accepts the responsibility of verifying the data, in consultation with the curatorial staff and/or by inspection of the specimens or objects and the collection catalogue. The SNOMNH shall not be liable for any damages, injury, or loss suffered by the users of the database or the software, programming, and other documentation found on these web pages or in these databases.</para>
      </additionalInfo>
      <intellectualRights>
        <para>To the extent possible under law, the publisher has waived all rights to these data and has dedicated them to the <ulink url="http://creativecommons.org/publicdomain/zero/1.0/legalcode"><citetitle>Public Domain (CC0 1.0)</citetitle></ulink>. Users may copy, modify, distribute and use the work, including for commercial purposes, without restriction.</para>
      </intellectualRights>
      <distribution scope="document">
          <online>
              <url function="information">http://samnoblemuseum.ou.edu/collections-and-research/mammalogy/</url>
          </online>
      </distribution>
      <coverage>
            <geographicCoverage>
                  <geographicDescription>The collection includes specimens from around the world.</geographicDescription>
                  <boundingCoordinates>
                      <westBoundingCoordinate>-180</westBoundingCoordinate>
                      <eastBoundingCoordinate>180</eastBoundingCoordinate>
                      <northBoundingCoordinate>90</northBoundingCoordinate>
                      <southBoundingCoordinate>-90</southBoundingCoordinate>
                  </boundingCoordinates>
            </geographicCoverage>
      </coverage>
      <maintenance>
          <description>
              <para></para>
          </description>
          <maintenanceUpdateFrequency>unkown</maintenanceUpdateFrequency>
      </maintenance>
      <contact>
    <individualName>
<givenName>Janet</givenName>        <surName>Braun</surName>
    </individualName>
<organizationName>Sam Noble Oklahoma Museum of Natural History</organizationName><positionName>Curator</positionName>    <address>
<deliveryPoint>2401 Chautauqua Ave.</deliveryPoint><city>Norman</city><administrativeArea>Oklahoma</administrativeArea><postalCode>73072</postalCode><country>UNITED_STATES</country>    </address>
<phone>405-325-0801</phone><electronicMailAddress>jkbraun@ou.edu</electronicMailAddress><onlineUrl>http://samnoblemuseum.ou.edu</onlineUrl>      </contact>

</dataset>

<additionalMetadata>
    <metadata>
      <gbif>
        <dateStamp>2017-05-14T13:37:13Z</dateStamp>
      <citation>Braun J, King P (2017). Mammals Specimens. Sam Noble Oklahoma Museum of Natural History. Occurrence Dataset http://doi.org/10.15468/fmuion accessed via GBIF.org on 2017-05-14.</citation>
              <resourceLogoUrl>http://65.52.215.125/ipt/logo.do?r=mammals</resourceLogoUrl>
        </gbif>
    </metadata>
</additionalMetadata>

</eml:eml>
