<?xml version="1.0" encoding="utf-8"?>
<eml:eml xmlns:eml="eml://ecoinformatics.org/eml-2.1.1" xmlns:xsi="http://www.w3.org/2001/XMLSchema-instance"
         xsi:schemaLocation="eml://ecoinformatics.org/eml-2.1.1 http://rs.gbif.org/schema/eml-gbif-profile/1.1/eml.xsd"
        packageId="88d5d94e-f762-11e1-a439-00145eb45e9a"  system="http://gbif.org" scope="system"
  xml:lang="en">

<dataset>
      <alternateIdentifier>doi:10.18165/brxhjf</alternateIdentifier>
        <alternateIdentifier>doi:10.15468/yhh31h</alternateIdentifier>
        <alternateIdentifier>http://web.macs.ualberta.ca:8088/ipt/resource?r=uamz_mammalogy</alternateIdentifier>
        <alternateIdentifier>88d5d94e-f762-11e1-a439-00145eb45e9a</alternateIdentifier>
        <alternateIdentifier>2465</alternateIdentifier>
    <title>University of Alberta Museum of Zoology Mammalogy Collection (UAMZ)</title>
    <creator>
    <individualName>
        <surName>University of Alberta Museums</surName>
    </individualName>
    <address>
<deliveryPoint>Ring House 1, Museums and Collections Services, University of Alberta</deliveryPoint><city>Edmonton</city><administrativeArea>Alberta</administrativeArea><postalCode>T6G 2E1</postalCode><country>CANADA</country>    </address>
<phone>780-492-5834</phone><electronicMailAddress>museums@ualberta.ca</electronicMailAddress><onlineUrl>http://www.museums.ualberta.ca/</onlineUrl>    </creator>
    <metadataProvider>
    <individualName>
<givenName>Bryan</givenName>        <surName>Brunet</surName>
    </individualName>
<organizationName>University of Alberta Museums</organizationName><positionName>Collections Management Advisor (Natural Sciences)</positionName>    <address>
<deliveryPoint>Ring House 1, Museums and Collections Services, University of Alberta</deliveryPoint><city>Edmonton</city><administrativeArea>Alberta</administrativeArea><postalCode>T6G 2E1</postalCode><country>CANADA</country>    </address>
<phone>780-492-6271</phone><electronicMailAddress>bbrunet@ualberta.ca</electronicMailAddress><onlineUrl>http://www.museums.ualberta.ca/</onlineUrl>      <userId directory="http://orcid.org/">0000-0001-5083-9662</userId>
    </metadataProvider>
    <metadataProvider>
    <individualName>
<givenName>Jim</givenName>        <surName>Whittome</surName>
    </individualName>
<organizationName>University of Alberta Museums</organizationName><positionName>Museum Collections Manager</positionName>    <address>
<deliveryPoint>Ring House 1, Museums and Collections Services, University of Alberta</deliveryPoint><city>Edmonton</city><administrativeArea>Alberta</administrativeArea><postalCode>T6G 2E1</postalCode><country>CANADA</country>    </address>
<phone>780-492-3871</phone><electronicMailAddress>whittome@ualberta.ca</electronicMailAddress><onlineUrl>http://www.museums.ualberta.ca/</onlineUrl>    </metadataProvider>
    <associatedParty>
    <individualName>
<givenName>Bryan</givenName>        <surName>Brunet</surName>
    </individualName>
<organizationName>University of Alberta Museums</organizationName><positionName>Collections Management Advisor (Natural Science)</positionName>    <address>
<deliveryPoint>Ring House 1, Museums and Collections Services, University of Alberta</deliveryPoint><city>Edmonton</city><administrativeArea>Alberta</administrativeArea><postalCode>T6G 2E1</postalCode><country>CANADA</country>    </address>
<phone>780-492-6271</phone><electronicMailAddress>bbrunet@ualberta.ca</electronicMailAddress><onlineUrl>http://www.museums.ualberta.ca</onlineUrl>      <userId directory="http://orcid.org/">0000-0001-5083-9662</userId>
    <role>CUSTODIAN_STEWARD</role>
    </associatedParty>
    <associatedParty>
    <individualName>
<givenName>Jim</givenName>        <surName>Whittome</surName>
    </individualName>
<organizationName>University of Alberta Museums</organizationName><positionName>Museums Collection Manager</positionName>    <address>
<deliveryPoint>Ring House 1, Museums and Collections Services, University of Alberta</deliveryPoint><city>Edmonton</city><administrativeArea>Alberta</administrativeArea><postalCode>T6G 2E1</postalCode><country>CANADA</country>    </address>
<phone>780-492-3871</phone><electronicMailAddress>whittome@ualberta.ca</electronicMailAddress><onlineUrl>http://www.museums.ualberta.ca/</onlineUrl>    <role>CUSTODIAN_STEWARD</role>
    </associatedParty>
    <associatedParty>
    <individualName>
<givenName>Andy</givenName>        <surName>Derocher</surName>
    </individualName>
<organizationName>University of Alberta</organizationName><positionName>Curator</positionName>    <address>
<deliveryPoint>CW 405, Biological Sciences Bldg., University of Alberta</deliveryPoint><city>Edmonton</city><administrativeArea>Alberta</administrativeArea><postalCode>T6G 2E9</postalCode><country>CANADA</country>    </address>
<phone>780-492-5570</phone><electronicMailAddress>derocher@ualberta.ca</electronicMailAddress><onlineUrl>https://uofa.ualberta.ca/biological-sciences/faculty-and-staff/academic-staff/andrew-derocher</onlineUrl>      <userId directory="http://orcid.org/">0000-0002-1104-7774</userId>
    <role>CURATOR</role>
    </associatedParty>
      <pubDate>
      2017-05-10
      </pubDate>
    <language>ENGLISH</language>
    <abstract>
        <para>With more than 10,000 specimens representing 16 orders and 76 families, the Mammalogy Collection&amp;#39;s taxonomic and geographic scope spans the planet, with strong representation from Northwestern Canada. The collection consists primarily of skins and skulls, with additional skeletal and fluid-preserved specimens. There are many rare and historically important specimens. The collection is used for teaching and research.</para>
    </abstract>
        <keywordSet>
              <keyword>Occurrence</keyword>
              <keywordThesaurus>GBIF Dataset Type Vocabulary: http://rs.gbif.org/vocabulary/gbif/dataset_type.xml</keywordThesaurus>
        </keywordSet>
        <keywordSet>
              <keyword>Specimen</keyword>
              <keywordThesaurus>GBIF Dataset Subtype Vocabulary: http://rs.gbif.org/vocabulary/gbif/dataset_subtype.xml</keywordThesaurus>
        </keywordSet>
      <intellectualRights>
        <para>To the extent possible under law, the publisher has waived all rights to these data and has dedicated them to the <ulink url="http://creativecommons.org/publicdomain/zero/1.0/legalcode"><citetitle>Public Domain (CC0 1.0)</citetitle></ulink>. Users may copy, modify, distribute and use the work, including for commercial purposes, without restriction.</para>
      </intellectualRights>
      <distribution scope="document">
          <online>
              <url function="information">http://www.biology.museums.ualberta.ca/MuseumOfZoology.aspx</url>
          </online>
      </distribution>
      <coverage>
            <geographicCoverage>
                  <geographicDescription>Global, North America, Canada, Alberta, Northwest Territories</geographicDescription>
                  <boundingCoordinates>
                      <westBoundingCoordinate>-180</westBoundingCoordinate>
                      <eastBoundingCoordinate>180</eastBoundingCoordinate>
                      <northBoundingCoordinate>90</northBoundingCoordinate>
                      <southBoundingCoordinate>-90</southBoundingCoordinate>
                  </boundingCoordinates>
            </geographicCoverage>
              <taxonomicCoverage>
                    <generalTaxonomicCoverage>The following taxonomic groups make up &gt;10% of the collection:
Mammalia, Rodentia, Soricomorpha, Cricetidae, Muridae, Soricidae, Sciuridae, Sorex, Peromyscus, Microtus, Clethrionomys</generalTaxonomicCoverage>
                    <taxonomicClassification>
                          <taxonRankName>Class</taxonRankName>
                        <taxonRankValue>Mammalia</taxonRankValue>
                          <commonName>Mammals</commonName>
                    </taxonomicClassification>
                    <taxonomicClassification>
                          <taxonRankName>Order</taxonRankName>
                        <taxonRankValue>Rodentia</taxonRankValue>
                          <commonName>Rodents</commonName>
                    </taxonomicClassification>
                    <taxonomicClassification>
                          <taxonRankName>Order</taxonRankName>
                        <taxonRankValue>Soricomorpha</taxonRankValue>
                    </taxonomicClassification>
                    <taxonomicClassification>
                          <taxonRankName>Family</taxonRankName>
                        <taxonRankValue>Cricetidae</taxonRankValue>
                    </taxonomicClassification>
                    <taxonomicClassification>
                          <taxonRankName>Family</taxonRankName>
                        <taxonRankValue>Muridae</taxonRankValue>
                          <commonName>Mice, Rats</commonName>
                    </taxonomicClassification>
                    <taxonomicClassification>
                          <taxonRankName>Family</taxonRankName>
                        <taxonRankValue>Soricidae</taxonRankValue>
                          <commonName>Shrews</commonName>
                    </taxonomicClassification>
                    <taxonomicClassification>
                          <taxonRankName>Family</taxonRankName>
                        <taxonRankValue>Sciuridae</taxonRankValue>
                          <commonName>Chipmunks, Marmots, Squirrels</commonName>
                    </taxonomicClassification>
                    <taxonomicClassification>
                          <taxonRankName>Genus</taxonRankName>
                        <taxonRankValue>Sorex</taxonRankValue>
                          <commonName>Red-Toothed Shrews</commonName>
                    </taxonomicClassification>
                    <taxonomicClassification>
                          <taxonRankName>Genus</taxonRankName>
                        <taxonRankValue>Peromyscus</taxonRankValue>
                          <commonName>Deer-Mice, White-Footed Mice</commonName>
                    </taxonomicClassification>
                    <taxonomicClassification>
                          <taxonRankName>Genus</taxonRankName>
                        <taxonRankValue>Microtus</taxonRankValue>
                          <commonName>Meadow Mice/Voles</commonName>
                    </taxonomicClassification>
                    <taxonomicClassification>
                          <taxonRankName>Genus</taxonRankName>
                        <taxonRankValue>Clethrionomys</taxonRankValue>
                          <commonName>Red-Backed Voles</commonName>
                    </taxonomicClassification>
              </taxonomicCoverage>
      </coverage>
      <maintenance>
          <description>
              <para></para>
          </description>
          <maintenanceUpdateFrequency>daily</maintenanceUpdateFrequency>
      </maintenance>
      <contact>
    <individualName>
<givenName>Andy</givenName>        <surName>Derocher</surName>
    </individualName>
<organizationName>University of Alberta</organizationName><positionName>Curator</positionName>    <address>
<deliveryPoint>CW 405, Biological Sciences Bldg., University of Alberta</deliveryPoint><city>Edmonton</city><administrativeArea>Alberta</administrativeArea><postalCode>T6G 2E9</postalCode><country>CANADA</country>    </address>
<phone>780-492-5570</phone><electronicMailAddress>derocher@ualberta.ca</electronicMailAddress><onlineUrl>https://uofa.ualberta.ca/biological-sciences/faculty-and-staff/academic-staff/andrew-derocher</onlineUrl>      <userId directory="http://orcid.org/">0000-0002-1104-7774</userId>
      </contact>

</dataset>

<additionalMetadata>
    <metadata>
      <gbif>
        <dateStamp>2017-05-14T13:37:10Z</dateStamp>
      <citation identifier="http://doi.org/10.18165/brxhjf">Brunet B, Whittome J (2017). University of Alberta Museum of Zoology Mammalogy Collection (UAMZ). University of Alberta Museums. Occurrence Dataset http://doi.org/10.18165/brxhjf accessed via GBIF.org on 2017-05-14.</citation>
              <collection>
                <parentCollectionIdentifier>UAM</parentCollectionIdentifier>
                <collectionIdentifier>UAMZ</collectionIdentifier>
                <collectionName>University of Alberta Museum of Zoology Mammalogy Collection</collectionName>
              </collection>
              <formationPeriod>1905-current</formationPeriod>
                <specimenPreservationMethod>OTHER</specimenPreservationMethod>
        </gbif>
    </metadata>
</additionalMetadata>

</eml:eml>
