<?xml version="1.0" encoding="utf-8"?>
<eml:eml xmlns:eml="eml://ecoinformatics.org/eml-2.1.1" xmlns:xsi="http://www.w3.org/2001/XMLSchema-instance"
         xsi:schemaLocation="eml://ecoinformatics.org/eml-2.1.1 http://rs.gbif.org/schema/eml-gbif-profile/1.1/eml.xsd"
        packageId="8f41f7ec-ce11-4275-b87b-907cc466d146"  system="http://gbif.org" scope="system"
  xml:lang="es">

<dataset>
      <alternateIdentifier>doi:10.15468/bfq33i</alternateIdentifier>
        <alternateIdentifier>http://www.snib.mx/iptconabio/resource?r=SNIB-IE003-IE0031212F_corregida-ND</alternateIdentifier>
        <alternateIdentifier>8f41f7ec-ce11-4275-b87b-907cc466d146</alternateIdentifier>
    <title>Aves y mamíferos del Parque Nacional Sierra de Órganos, Zacatecas</title>
    <creator>
    <individualName>
<givenName>Jesús Alberto</givenName>        <surName>Rodríguez Maturino</surName>
    </individualName>
<organizationName>Centro de Ecología Regional AC</organizationName><positionName>Responsable</positionName>    <address>
<city>Durango</city><administrativeArea>Durango</administrativeArea><postalCode>34120</postalCode><country>MEXICO</country>    </address>
<phone>01 (618) 455-1120,  fax 01 (618) 455-2215</phone>    </creator>
    <metadataProvider>
    <individualName>
<givenName>Patricia</givenName>        <surName>Ramos Rivera</surName>
    </individualName>
<organizationName>Comisión Nacional para el Conocimiento y Uso de la Biodiversidad</organizationName><positionName>Directora General de Sistemas</positionName>    <address>
<deliveryPoint>Liga Periférico-Insurgentes Sur No. 4903, Col. Parques del Pedregal</deliveryPoint><city>MÉXICO</city><administrativeArea>Tlalpan</administrativeArea><postalCode>14010</postalCode><country>MEXICO</country>    </address>
<phone>50045000</phone><electronicMailAddress>pramos@conabio.gob.mx</electronicMailAddress><onlineUrl>https://www.gob.mx/conabio</onlineUrl>    </metadataProvider>
      <pubDate>
      2017-03-10
      </pubDate>
    <language>SPANISH</language>
    <abstract>
        <para>&lt;p&gt;El Parque Nacional Sierra de Órganos (PNSO) fue creado como parte de las Áreas Naturales Protegidas de México en el año 2000. A pesar de lo anterior y de que cuenta con un gran atractivo por sus paisajes y es visitado continuamente por el turismo nacional, no existe un inventario completo oficial de las aves y de los mamíferos de este parque. Por esta razón, es de interés para la Comisión Nacional de Áreas Naturales Protegidas la ejecución del presente proyecto, el cual implica principalmente la elaboración de un inventario de aves y mamíferos en sus 1,125 hectáreas, así como información de aspectos ecológicos de ambos grupos (riqueza, diversidad, abundancia y distribución local). Este conocimiento servirá de sustento para las acciones de manejo y conservación de estos recursos naturales del PNSO. La vegetación descrita corresponde a elementos de la Sierra Madre Occidental y del Altiplano Mexicano y entre los principales tipos se encuentran el bosque templado, el bosque bajo abierto, el matorral micrófilo y los pastizales. El proyecto contempla una duración de un año, durante el cual se efectuarán ocho salidas de campo, utilizando muestreos sistemáticos por estratos (tipos de vegetación). El monitoreo de mamíferos involucrará métodos directos en transectos establecidos en los principales tipos de vegetación, capturando individuos vivos (trampas Sherman, Tomahawk, redes de niebla y entomológicas), así como métodos indirectos con la utilización de cámaras digitales con sensor de movimiento y la detección de huellas y rastros. Para las aves se realizaran observaciones directas por  medio del método de transecto de puntos fijos establecidos en los principales estratos. Asimismo, se colocarán redes ornitológicas para la identificación de aves de difícil observación. Todos los sitios de registro y/o  captura de aves y mamíferos serán georreferenciados.  El esfuerzo de muestreo en los principales estratos será de acuerdo al porcentaje de cada uno de ellos en el área. El sacrificio de animales se restringirá a especies de dudosa identificación, nuevos registros o registros de importancia científica para la zona, tratando de realizar un voucher referencial de la mayor cantidad de especies, pero con un criterio precautorio por tratarse de un parque nacional y considerando que en el área existen especies en riesgo. Se ingresaran los ejemplares recolectados debidamente preparados e identificados a dos colecciones científicas nacionales: a) Museo de Zoología, Facultad de Ciencias, UNAM y, b) Colección Nacional de Mamíferos, Instituto de Biología, UNAM. Paralelamente al inventario, se efectuará un curso-taller a los pobladores del parque, que consistirá de temáticas pertinentes sobre la importancia del conocimiento de los recursos naturales, así como adiestramiento en las técnicas y métodos empleados en la elaboración de inventarios faunísticos. Con la información general se elaborará una base de datos con los requerimientos mínimos obligatorios de la CONABIO, misma que contendrá por lo menos 700 registros de más de 100 especies de aves y 43 de mamíferos. Otro de los productos esperados será la memoria del curso taller, gracias al cual se logrará la participación directa de los habitantes locales del parque en el proyecto.&lt;/p&gt;
&lt;p&gt;Reino: 1
Filo: 1
Clase: 2
Orden: 15
Familia: 43
Género: 97
Especie: 127
Infraespecie: 32&lt;/p&gt;</para>
    </abstract>
        <keywordSet>
              <keyword>Occurrence</keyword>
              <keywordThesaurus>GBIF Dataset Type Vocabulary: http://rs.gbif.org/vocabulary/gbif/dataset_type.xml</keywordThesaurus>
        </keywordSet>
        <keywordSet>
              <keyword>Specimen</keyword>
              <keywordThesaurus>GBIF Dataset Subtype Vocabulary: http://rs.gbif.org/vocabulary/gbif/dataset_subtype.xml</keywordThesaurus>
        </keywordSet>
        <keywordSet>
              <keyword>Mamíferos</keyword>
              <keyword>Aves</keyword>
              <keywordThesaurus>N/A</keywordThesaurus>
        </keywordSet>
      <intellectualRights>
        <para>This work is licensed under a <ulink url="http://creativecommons.org/licenses/by-nc/4.0/legalcode"><citetitle>Creative Commons Attribution Non Commercial (CC-BY-NC) 4.0 License</citetitle></ulink>.</para>
      </intellectualRights>
      <distribution scope="document">
          <online>
              <url function="information">http://www.snib.mx/proyectos/cgi-bin/datos2.cgi?Letras=IE&amp;Numero=3</url>
          </online>
      </distribution>
      <coverage>
            <geographicCoverage>
                  <geographicDescription>País: MÉXICO (ZACATECAS)</geographicDescription>
                  <boundingCoordinates>
                      <westBoundingCoordinate>-103.816</westBoundingCoordinate>
                      <eastBoundingCoordinate>-103.789</eastBoundingCoordinate>
                      <northBoundingCoordinate>23.801</northBoundingCoordinate>
                      <southBoundingCoordinate>23.776</southBoundingCoordinate>
                  </boundingCoordinates>
            </geographicCoverage>
          <temporalCoverage>
            <rangeOfDates>
              <beginDate>
                <calendarDate>      2010-04-18
</calendarDate>
              </beginDate>
              <endDate>
                <calendarDate>      2011-09-30
</calendarDate>
              </endDate>
            </rangeOfDates>
          </temporalCoverage>
              <taxonomicCoverage>
                    <generalTaxonomicCoverage>Reino: Animalia
Filo: Craniata
Clase: Mammalia, Aves
Orden: Falconiformes, Didelphimorphia, Piciformes, Strigiformes, Artiodactyla, Galliformes, Accipitriformes, Cuculiformes, Apodiformes, Carnivora, Lagomorpha, Rodentia, Chiroptera, Columbiformes, Passeriformes
Familia: Ptiliogonatidae, Paridae, Remizidae, Cathartidae, Didelphidae, Vireonidae, Turdidae, Cardinalidae, Falconidae, Picidae, Strigidae, Odontophoridae, Muridae, Cervidae, Tayassuidae, Hirundinidae, Apodidae, Sittidae, Felidae, Sciuridae, Accipitridae, Mimidae, Parulidae, Troglodytidae, Columbidae, Vespertilionidae, Procyonidae, Mephitidae, Heteromyidae, Cricetidae, Leporidae, Trochilidae, Tyrannidae, Laniidae, Icteridae, Regulidae, Aegithalidae, Fringillidae, Cuculidae, Corvidae, Polioptilidae, Emberizidae, Canidae</generalTaxonomicCoverage>
                    <taxonomicClassification>
                          <taxonRankName>Kingdom</taxonRankName>
                        <taxonRankValue>Animalia</taxonRankValue>
                    </taxonomicClassification>
                    <taxonomicClassification>
                          <taxonRankName>Phylum</taxonRankName>
                        <taxonRankValue>Craniata</taxonRankValue>
                    </taxonomicClassification>
                    <taxonomicClassification>
                          <taxonRankName>Class</taxonRankName>
                        <taxonRankValue>Mammalia</taxonRankValue>
                    </taxonomicClassification>
                    <taxonomicClassification>
                          <taxonRankName>Class</taxonRankName>
                        <taxonRankValue>Aves</taxonRankValue>
                    </taxonomicClassification>
                    <taxonomicClassification>
                          <taxonRankName>Order</taxonRankName>
                        <taxonRankValue>Carnivora</taxonRankValue>
                    </taxonomicClassification>
                    <taxonomicClassification>
                          <taxonRankName>Order</taxonRankName>
                        <taxonRankValue>Lagomorpha</taxonRankValue>
                    </taxonomicClassification>
                    <taxonomicClassification>
                          <taxonRankName>Order</taxonRankName>
                        <taxonRankValue>Rodentia</taxonRankValue>
                    </taxonomicClassification>
                    <taxonomicClassification>
                          <taxonRankName>Order</taxonRankName>
                        <taxonRankValue>Chiroptera</taxonRankValue>
                    </taxonomicClassification>
                    <taxonomicClassification>
                          <taxonRankName>Order</taxonRankName>
                        <taxonRankValue>Columbiformes</taxonRankValue>
                    </taxonomicClassification>
                    <taxonomicClassification>
                          <taxonRankName>Order</taxonRankName>
                        <taxonRankValue>Passeriformes</taxonRankValue>
                    </taxonomicClassification>
                    <taxonomicClassification>
                          <taxonRankName>Order</taxonRankName>
                        <taxonRankValue>Apodiformes</taxonRankValue>
                    </taxonomicClassification>
                    <taxonomicClassification>
                          <taxonRankName>Order</taxonRankName>
                        <taxonRankValue>Cuculiformes</taxonRankValue>
                    </taxonomicClassification>
                    <taxonomicClassification>
                          <taxonRankName>Order</taxonRankName>
                        <taxonRankValue>Accipitriformes</taxonRankValue>
                    </taxonomicClassification>
                    <taxonomicClassification>
                          <taxonRankName>Order</taxonRankName>
                        <taxonRankValue>Falconiformes</taxonRankValue>
                    </taxonomicClassification>
                    <taxonomicClassification>
                          <taxonRankName>Order</taxonRankName>
                        <taxonRankValue>Didelphimorphia</taxonRankValue>
                    </taxonomicClassification>
                    <taxonomicClassification>
                          <taxonRankName>Order</taxonRankName>
                        <taxonRankValue>Piciformes</taxonRankValue>
                    </taxonomicClassification>
                    <taxonomicClassification>
                          <taxonRankName>Order</taxonRankName>
                        <taxonRankValue>Strigiformes</taxonRankValue>
                    </taxonomicClassification>
                    <taxonomicClassification>
                          <taxonRankName>Order</taxonRankName>
                        <taxonRankValue>Artiodactyla</taxonRankValue>
                    </taxonomicClassification>
                    <taxonomicClassification>
                          <taxonRankName>Order</taxonRankName>
                        <taxonRankValue>Galliformes</taxonRankValue>
                    </taxonomicClassification>
                    <taxonomicClassification>
                          <taxonRankName>Family</taxonRankName>
                        <taxonRankValue>Canidae</taxonRankValue>
                    </taxonomicClassification>
                    <taxonomicClassification>
                          <taxonRankName>Family</taxonRankName>
                        <taxonRankValue>Leporidae</taxonRankValue>
                    </taxonomicClassification>
                    <taxonomicClassification>
                          <taxonRankName>Family</taxonRankName>
                        <taxonRankValue>Cricetidae</taxonRankValue>
                    </taxonomicClassification>
                    <taxonomicClassification>
                          <taxonRankName>Family</taxonRankName>
                        <taxonRankValue>Heteromyidae</taxonRankValue>
                    </taxonomicClassification>
                    <taxonomicClassification>
                          <taxonRankName>Family</taxonRankName>
                        <taxonRankValue>Mephitidae</taxonRankValue>
                    </taxonomicClassification>
                    <taxonomicClassification>
                          <taxonRankName>Family</taxonRankName>
                        <taxonRankValue>Procyonidae</taxonRankValue>
                    </taxonomicClassification>
                    <taxonomicClassification>
                          <taxonRankName>Family</taxonRankName>
                        <taxonRankValue>Vespertilionidae</taxonRankValue>
                    </taxonomicClassification>
                    <taxonomicClassification>
                          <taxonRankName>Family</taxonRankName>
                        <taxonRankValue>Columbidae</taxonRankValue>
                    </taxonomicClassification>
                    <taxonomicClassification>
                          <taxonRankName>Family</taxonRankName>
                        <taxonRankValue>Troglodytidae</taxonRankValue>
                    </taxonomicClassification>
                    <taxonomicClassification>
                          <taxonRankName>Family</taxonRankName>
                        <taxonRankValue>Trochilidae</taxonRankValue>
                    </taxonomicClassification>
                    <taxonomicClassification>
                          <taxonRankName>Family</taxonRankName>
                        <taxonRankValue>Tyrannidae</taxonRankValue>
                    </taxonomicClassification>
                    <taxonomicClassification>
                          <taxonRankName>Family</taxonRankName>
                        <taxonRankValue>Laniidae</taxonRankValue>
                    </taxonomicClassification>
                    <taxonomicClassification>
                          <taxonRankName>Family</taxonRankName>
                        <taxonRankValue>Emberizidae</taxonRankValue>
                    </taxonomicClassification>
                    <taxonomicClassification>
                          <taxonRankName>Family</taxonRankName>
                        <taxonRankValue>Polioptilidae</taxonRankValue>
                    </taxonomicClassification>
                    <taxonomicClassification>
                          <taxonRankName>Family</taxonRankName>
                        <taxonRankValue>Corvidae</taxonRankValue>
                    </taxonomicClassification>
                    <taxonomicClassification>
                          <taxonRankName>Family</taxonRankName>
                        <taxonRankValue>Cuculidae</taxonRankValue>
                    </taxonomicClassification>
                    <taxonomicClassification>
                          <taxonRankName>Family</taxonRankName>
                        <taxonRankValue>Fringillidae</taxonRankValue>
                    </taxonomicClassification>
                    <taxonomicClassification>
                          <taxonRankName>Family</taxonRankName>
                        <taxonRankValue>Aegithalidae</taxonRankValue>
                    </taxonomicClassification>
                    <taxonomicClassification>
                          <taxonRankName>Family</taxonRankName>
                        <taxonRankValue>Regulidae</taxonRankValue>
                    </taxonomicClassification>
                    <taxonomicClassification>
                          <taxonRankName>Family</taxonRankName>
                        <taxonRankValue>Icteridae</taxonRankValue>
                    </taxonomicClassification>
                    <taxonomicClassification>
                          <taxonRankName>Family</taxonRankName>
                        <taxonRankValue>Parulidae</taxonRankValue>
                    </taxonomicClassification>
                    <taxonomicClassification>
                          <taxonRankName>Family</taxonRankName>
                        <taxonRankValue>Mimidae</taxonRankValue>
                    </taxonomicClassification>
                    <taxonomicClassification>
                          <taxonRankName>Family</taxonRankName>
                        <taxonRankValue>Accipitridae</taxonRankValue>
                    </taxonomicClassification>
                    <taxonomicClassification>
                          <taxonRankName>Family</taxonRankName>
                        <taxonRankValue>Falconidae</taxonRankValue>
                    </taxonomicClassification>
                    <taxonomicClassification>
                          <taxonRankName>Family</taxonRankName>
                        <taxonRankValue>Cardinalidae</taxonRankValue>
                    </taxonomicClassification>
                    <taxonomicClassification>
                          <taxonRankName>Family</taxonRankName>
                        <taxonRankValue>Turdidae</taxonRankValue>
                    </taxonomicClassification>
                    <taxonomicClassification>
                          <taxonRankName>Family</taxonRankName>
                        <taxonRankValue>Vireonidae</taxonRankValue>
                    </taxonomicClassification>
                    <taxonomicClassification>
                          <taxonRankName>Family</taxonRankName>
                        <taxonRankValue>Didelphidae</taxonRankValue>
                    </taxonomicClassification>
                    <taxonomicClassification>
                          <taxonRankName>Family</taxonRankName>
                        <taxonRankValue>Cathartidae</taxonRankValue>
                    </taxonomicClassification>
                    <taxonomicClassification>
                          <taxonRankName>Family</taxonRankName>
                        <taxonRankValue>Remizidae</taxonRankValue>
                    </taxonomicClassification>
                    <taxonomicClassification>
                          <taxonRankName>Family</taxonRankName>
                        <taxonRankValue>Paridae</taxonRankValue>
                    </taxonomicClassification>
                    <taxonomicClassification>
                          <taxonRankName>Family</taxonRankName>
                        <taxonRankValue>Ptiliogonatidae</taxonRankValue>
                    </taxonomicClassification>
                    <taxonomicClassification>
                          <taxonRankName>Family</taxonRankName>
                        <taxonRankValue>Picidae</taxonRankValue>
                    </taxonomicClassification>
                    <taxonomicClassification>
                          <taxonRankName>Family</taxonRankName>
                        <taxonRankValue>Strigidae</taxonRankValue>
                    </taxonomicClassification>
                    <taxonomicClassification>
                          <taxonRankName>Family</taxonRankName>
                        <taxonRankValue>Sciuridae</taxonRankValue>
                    </taxonomicClassification>
                    <taxonomicClassification>
                          <taxonRankName>Family</taxonRankName>
                        <taxonRankValue>Felidae</taxonRankValue>
                    </taxonomicClassification>
                    <taxonomicClassification>
                          <taxonRankName>Family</taxonRankName>
                        <taxonRankValue>Sittidae</taxonRankValue>
                    </taxonomicClassification>
                    <taxonomicClassification>
                          <taxonRankName>Family</taxonRankName>
                        <taxonRankValue>Apodidae</taxonRankValue>
                    </taxonomicClassification>
                    <taxonomicClassification>
                          <taxonRankName>Family</taxonRankName>
                        <taxonRankValue>Hirundinidae</taxonRankValue>
                    </taxonomicClassification>
                    <taxonomicClassification>
                          <taxonRankName>Family</taxonRankName>
                        <taxonRankValue>Tayassuidae</taxonRankValue>
                    </taxonomicClassification>
                    <taxonomicClassification>
                          <taxonRankName>Family</taxonRankName>
                        <taxonRankValue>Cervidae</taxonRankValue>
                    </taxonomicClassification>
                    <taxonomicClassification>
                          <taxonRankName>Family</taxonRankName>
                        <taxonRankValue>Muridae</taxonRankValue>
                    </taxonomicClassification>
                    <taxonomicClassification>
                          <taxonRankName>Family</taxonRankName>
                        <taxonRankValue>Odontophoridae</taxonRankValue>
                    </taxonomicClassification>
                    <taxonomicClassification>
                          <taxonRankName>Genus</taxonRankName>
                        <taxonRankValue>Canis</taxonRankValue>
                    </taxonomicClassification>
                    <taxonomicClassification>
                          <taxonRankName>Genus</taxonRankName>
                        <taxonRankValue>Sylvilagus</taxonRankValue>
                    </taxonomicClassification>
                    <taxonomicClassification>
                          <taxonRankName>Genus</taxonRankName>
                        <taxonRankValue>Urocyon</taxonRankValue>
                    </taxonomicClassification>
                    <taxonomicClassification>
                          <taxonRankName>Genus</taxonRankName>
                        <taxonRankValue>Reithrodontomys</taxonRankValue>
                    </taxonomicClassification>
                    <taxonomicClassification>
                          <taxonRankName>Genus</taxonRankName>
                        <taxonRankValue>Chaetodipus</taxonRankValue>
                    </taxonomicClassification>
                    <taxonomicClassification>
                          <taxonRankName>Genus</taxonRankName>
                        <taxonRankValue>Sigmodon</taxonRankValue>
                    </taxonomicClassification>
                    <taxonomicClassification>
                          <taxonRankName>Genus</taxonRankName>
                        <taxonRankValue>Mephitis</taxonRankValue>
                    </taxonomicClassification>
                    <taxonomicClassification>
                          <taxonRankName>Genus</taxonRankName>
                        <taxonRankValue>Bassariscus</taxonRankValue>
                    </taxonomicClassification>
                    <taxonomicClassification>
                          <taxonRankName>Genus</taxonRankName>
                        <taxonRankValue>Myotis</taxonRankValue>
                    </taxonomicClassification>
                    <taxonomicClassification>
                          <taxonRankName>Genus</taxonRankName>
                        <taxonRankValue>Peromyscus</taxonRankValue>
                    </taxonomicClassification>
                    <taxonomicClassification>
                          <taxonRankName>Genus</taxonRankName>
                        <taxonRankValue>Zenaida</taxonRankValue>
                    </taxonomicClassification>
                    <taxonomicClassification>
                          <taxonRankName>Genus</taxonRankName>
                        <taxonRankValue>Campylorhynchus</taxonRankValue>
                    </taxonomicClassification>
                    <taxonomicClassification>
                          <taxonRankName>Genus</taxonRankName>
                        <taxonRankValue>Hylocharis</taxonRankValue>
                    </taxonomicClassification>
                    <taxonomicClassification>
                          <taxonRankName>Genus</taxonRankName>
                        <taxonRankValue>Sayornis</taxonRankValue>
                    </taxonomicClassification>
                    <taxonomicClassification>
                          <taxonRankName>Genus</taxonRankName>
                        <taxonRankValue>Lanius</taxonRankValue>
                    </taxonomicClassification>
                    <taxonomicClassification>
                          <taxonRankName>Genus</taxonRankName>
                        <taxonRankValue>Pipilo</taxonRankValue>
                    </taxonomicClassification>
                    <taxonomicClassification>
                          <taxonRankName>Genus</taxonRankName>
                        <taxonRankValue>Polioptila</taxonRankValue>
                    </taxonomicClassification>
                    <taxonomicClassification>
                          <taxonRankName>Genus</taxonRankName>
                        <taxonRankValue>Thryomanes</taxonRankValue>
                    </taxonomicClassification>
                    <taxonomicClassification>
                          <taxonRankName>Genus</taxonRankName>
                        <taxonRankValue>Aphelocoma</taxonRankValue>
                    </taxonomicClassification>
                    <taxonomicClassification>
                          <taxonRankName>Genus</taxonRankName>
                        <taxonRankValue>Zonotrichia</taxonRankValue>
                    </taxonomicClassification>
                    <taxonomicClassification>
                          <taxonRankName>Genus</taxonRankName>
                        <taxonRankValue>Geococcyx</taxonRankValue>
                    </taxonomicClassification>
                    <taxonomicClassification>
                          <taxonRankName>Genus</taxonRankName>
                        <taxonRankValue>Carpodacus</taxonRankValue>
                    </taxonomicClassification>
                    <taxonomicClassification>
                          <taxonRankName>Genus</taxonRankName>
                        <taxonRankValue>Psaltriparus</taxonRankValue>
                    </taxonomicClassification>
                    <taxonomicClassification>
                          <taxonRankName>Genus</taxonRankName>
                        <taxonRankValue>Spizella</taxonRankValue>
                    </taxonomicClassification>
                    <taxonomicClassification>
                          <taxonRankName>Genus</taxonRankName>
                        <taxonRankValue>Myiarchus</taxonRankValue>
                    </taxonomicClassification>
                    <taxonomicClassification>
                          <taxonRankName>Genus</taxonRankName>
                        <taxonRankValue>Regulus</taxonRankValue>
                    </taxonomicClassification>
                    <taxonomicClassification>
                          <taxonRankName>Genus</taxonRankName>
                        <taxonRankValue>Corvus</taxonRankValue>
                    </taxonomicClassification>
                    <taxonomicClassification>
                          <taxonRankName>Genus</taxonRankName>
                        <taxonRankValue>Icterus</taxonRankValue>
                    </taxonomicClassification>
                    <taxonomicClassification>
                          <taxonRankName>Genus</taxonRankName>
                        <taxonRankValue>Wilsonia</taxonRankValue>
                    </taxonomicClassification>
                    <taxonomicClassification>
                          <taxonRankName>Genus</taxonRankName>
                        <taxonRankValue>Sturnella</taxonRankValue>
                    </taxonomicClassification>
                    <taxonomicClassification>
                          <taxonRankName>Genus</taxonRankName>
                        <taxonRankValue>Aimophila</taxonRankValue>
                    </taxonomicClassification>
                    <taxonomicClassification>
                          <taxonRankName>Genus</taxonRankName>
                        <taxonRankValue>Mimus</taxonRankValue>
                    </taxonomicClassification>
                    <taxonomicClassification>
                          <taxonRankName>Genus</taxonRankName>
                        <taxonRankValue>Accipiter</taxonRankValue>
                    </taxonomicClassification>
                    <taxonomicClassification>
                          <taxonRankName>Genus</taxonRankName>
                        <taxonRankValue>Dendroica</taxonRankValue>
                    </taxonomicClassification>
                    <taxonomicClassification>
                          <taxonRankName>Genus</taxonRankName>
                        <taxonRankValue>Passerculus</taxonRankValue>
                    </taxonomicClassification>
                    <taxonomicClassification>
                          <taxonRankName>Genus</taxonRankName>
                        <taxonRankValue>Falco</taxonRankValue>
                    </taxonomicClassification>
                    <taxonomicClassification>
                          <taxonRankName>Genus</taxonRankName>
                        <taxonRankValue>Toxostoma</taxonRankValue>
                    </taxonomicClassification>
                    <taxonomicClassification>
                          <taxonRankName>Genus</taxonRankName>
                        <taxonRankValue>Pheucticus</taxonRankValue>
                    </taxonomicClassification>
                    <taxonomicClassification>
                          <taxonRankName>Genus</taxonRankName>
                        <taxonRankValue>Empidonax</taxonRankValue>
                    </taxonomicClassification>
                    <taxonomicClassification>
                          <taxonRankName>Genus</taxonRankName>
                        <taxonRankValue>Passerina</taxonRankValue>
                    </taxonomicClassification>
                    <taxonomicClassification>
                          <taxonRankName>Genus</taxonRankName>
                        <taxonRankValue>Sialia</taxonRankValue>
                    </taxonomicClassification>
                    <taxonomicClassification>
                          <taxonRankName>Genus</taxonRankName>
                        <taxonRankValue>Vireo</taxonRankValue>
                    </taxonomicClassification>
                    <taxonomicClassification>
                          <taxonRankName>Genus</taxonRankName>
                        <taxonRankValue>Dipodomys</taxonRankValue>
                    </taxonomicClassification>
                    <taxonomicClassification>
                          <taxonRankName>Genus</taxonRankName>
                        <taxonRankValue>Didelphis</taxonRankValue>
                    </taxonomicClassification>
                    <taxonomicClassification>
                          <taxonRankName>Genus</taxonRankName>
                        <taxonRankValue>Catherpes</taxonRankValue>
                    </taxonomicClassification>
                    <taxonomicClassification>
                          <taxonRankName>Genus</taxonRankName>
                        <taxonRankValue>Salpinctes</taxonRankValue>
                    </taxonomicClassification>
                    <taxonomicClassification>
                          <taxonRankName>Genus</taxonRankName>
                        <taxonRankValue>Cathartes</taxonRankValue>
                    </taxonomicClassification>
                    <taxonomicClassification>
                          <taxonRankName>Genus</taxonRankName>
                        <taxonRankValue>Turdus</taxonRankValue>
                    </taxonomicClassification>
                    <taxonomicClassification>
                          <taxonRankName>Genus</taxonRankName>
                        <taxonRankValue>Aquila</taxonRankValue>
                    </taxonomicClassification>
                    <taxonomicClassification>
                          <taxonRankName>Genus</taxonRankName>
                        <taxonRankValue>Auriparus</taxonRankValue>
                    </taxonomicClassification>
                    <taxonomicClassification>
                          <taxonRankName>Genus</taxonRankName>
                        <taxonRankValue>Poecile</taxonRankValue>
                    </taxonomicClassification>
                    <taxonomicClassification>
                          <taxonRankName>Genus</taxonRankName>
                        <taxonRankValue>Phainopepla</taxonRankValue>
                    </taxonomicClassification>
                    <taxonomicClassification>
                          <taxonRankName>Genus</taxonRankName>
                        <taxonRankValue>Lampornis</taxonRankValue>
                    </taxonomicClassification>
                    <taxonomicClassification>
                          <taxonRankName>Genus</taxonRankName>
                        <taxonRankValue>Coragyps</taxonRankValue>
                    </taxonomicClassification>
                    <taxonomicClassification>
                          <taxonRankName>Genus</taxonRankName>
                        <taxonRankValue>Tyrannus</taxonRankValue>
                    </taxonomicClassification>
                    <taxonomicClassification>
                          <taxonRankName>Genus</taxonRankName>
                        <taxonRankValue>Cardinalis</taxonRankValue>
                    </taxonomicClassification>
                    <taxonomicClassification>
                          <taxonRankName>Genus</taxonRankName>
                        <taxonRankValue>Procyon</taxonRankValue>
                    </taxonomicClassification>
                    <taxonomicClassification>
                          <taxonRankName>Genus</taxonRankName>
                        <taxonRankValue>Picoides</taxonRankValue>
                    </taxonomicClassification>
                    <taxonomicClassification>
                          <taxonRankName>Genus</taxonRankName>
                        <taxonRankValue>Carduelis</taxonRankValue>
                    </taxonomicClassification>
                    <taxonomicClassification>
                          <taxonRankName>Genus</taxonRankName>
                        <taxonRankValue>Colaptes</taxonRankValue>
                    </taxonomicClassification>
                    <taxonomicClassification>
                          <taxonRankName>Genus</taxonRankName>
                        <taxonRankValue>Bubo</taxonRankValue>
                    </taxonomicClassification>
                    <taxonomicClassification>
                          <taxonRankName>Genus</taxonRankName>
                        <taxonRankValue>Buteo</taxonRankValue>
                    </taxonomicClassification>
                    <taxonomicClassification>
                          <taxonRankName>Genus</taxonRankName>
                        <taxonRankValue>Spermophilus</taxonRankValue>
                    </taxonomicClassification>
                    <taxonomicClassification>
                          <taxonRankName>Genus</taxonRankName>
                        <taxonRankValue>Lynx</taxonRankValue>
                    </taxonomicClassification>
                    <taxonomicClassification>
                          <taxonRankName>Genus</taxonRankName>
                        <taxonRankValue>Sitta</taxonRankValue>
                    </taxonomicClassification>
                    <taxonomicClassification>
                          <taxonRankName>Genus</taxonRankName>
                        <taxonRankValue>Melanerpes</taxonRankValue>
                    </taxonomicClassification>
                    <taxonomicClassification>
                          <taxonRankName>Genus</taxonRankName>
                        <taxonRankValue>Eugenes</taxonRankValue>
                    </taxonomicClassification>
                    <taxonomicClassification>
                          <taxonRankName>Genus</taxonRankName>
                        <taxonRankValue>Onychomys</taxonRankValue>
                    </taxonomicClassification>
                    <taxonomicClassification>
                          <taxonRankName>Genus</taxonRankName>
                        <taxonRankValue>Baiomys</taxonRankValue>
                    </taxonomicClassification>
                    <taxonomicClassification>
                          <taxonRankName>Genus</taxonRankName>
                        <taxonRankValue>Selasphorus</taxonRankValue>
                    </taxonomicClassification>
                    <taxonomicClassification>
                          <taxonRankName>Genus</taxonRankName>
                        <taxonRankValue>Pooecetes</taxonRankValue>
                    </taxonomicClassification>
                    <taxonomicClassification>
                          <taxonRankName>Genus</taxonRankName>
                        <taxonRankValue>Chondestes</taxonRankValue>
                    </taxonomicClassification>
                    <taxonomicClassification>
                          <taxonRankName>Genus</taxonRankName>
                        <taxonRankValue>Baeolophus</taxonRankValue>
                    </taxonomicClassification>
                    <taxonomicClassification>
                          <taxonRankName>Genus</taxonRankName>
                        <taxonRankValue>Junco</taxonRankValue>
                    </taxonomicClassification>
                    <taxonomicClassification>
                          <taxonRankName>Genus</taxonRankName>
                        <taxonRankValue>Elanus</taxonRankValue>
                    </taxonomicClassification>
                    <taxonomicClassification>
                          <taxonRankName>Genus</taxonRankName>
                        <taxonRankValue>Corynorhinus</taxonRankValue>
                    </taxonomicClassification>
                    <taxonomicClassification>
                          <taxonRankName>Genus</taxonRankName>
                        <taxonRankValue>Aeronautes</taxonRankValue>
                    </taxonomicClassification>
                    <taxonomicClassification>
                          <taxonRankName>Genus</taxonRankName>
                        <taxonRankValue>Tachycineta</taxonRankValue>
                    </taxonomicClassification>
                    <taxonomicClassification>
                          <taxonRankName>Genus</taxonRankName>
                        <taxonRankValue>Vermivora</taxonRankValue>
                    </taxonomicClassification>
                    <taxonomicClassification>
                          <taxonRankName>Genus</taxonRankName>
                        <taxonRankValue>Hirundo</taxonRankValue>
                    </taxonomicClassification>
                    <taxonomicClassification>
                          <taxonRankName>Genus</taxonRankName>
                        <taxonRankValue>Ammodramus</taxonRankValue>
                    </taxonomicClassification>
                    <taxonomicClassification>
                          <taxonRankName>Genus</taxonRankName>
                        <taxonRankValue>Contopus</taxonRankValue>
                    </taxonomicClassification>
                    <taxonomicClassification>
                          <taxonRankName>Genus</taxonRankName>
                        <taxonRankValue>Neotoma</taxonRankValue>
                    </taxonomicClassification>
                    <taxonomicClassification>
                          <taxonRankName>Genus</taxonRankName>
                        <taxonRankValue>Perognathus</taxonRankValue>
                    </taxonomicClassification>
                    <taxonomicClassification>
                          <taxonRankName>Genus</taxonRankName>
                        <taxonRankValue>Pecari</taxonRankValue>
                    </taxonomicClassification>
                    <taxonomicClassification>
                          <taxonRankName>Genus</taxonRankName>
                        <taxonRankValue>Lepus</taxonRankValue>
                    </taxonomicClassification>
                    <taxonomicClassification>
                          <taxonRankName>Genus</taxonRankName>
                        <taxonRankValue>Mniotilta</taxonRankValue>
                    </taxonomicClassification>
                    <taxonomicClassification>
                          <taxonRankName>Genus</taxonRankName>
                        <taxonRankValue>Molothrus</taxonRankValue>
                    </taxonomicClassification>
                    <taxonomicClassification>
                          <taxonRankName>Genus</taxonRankName>
                        <taxonRankValue>Odocoileus</taxonRankValue>
                    </taxonomicClassification>
                    <taxonomicClassification>
                          <taxonRankName>Genus</taxonRankName>
                        <taxonRankValue>Sphyrapicus</taxonRankValue>
                    </taxonomicClassification>
                    <taxonomicClassification>
                          <taxonRankName>Genus</taxonRankName>
                        <taxonRankValue>Rattus</taxonRankValue>
                    </taxonomicClassification>
                    <taxonomicClassification>
                          <taxonRankName>Genus</taxonRankName>
                        <taxonRankValue>Nasua</taxonRankValue>
                    </taxonomicClassification>
                    <taxonomicClassification>
                          <taxonRankName>Genus</taxonRankName>
                        <taxonRankValue>Oporornis</taxonRankValue>
                    </taxonomicClassification>
                    <taxonomicClassification>
                          <taxonRankName>Genus</taxonRankName>
                        <taxonRankValue>Puma</taxonRankValue>
                    </taxonomicClassification>
                    <taxonomicClassification>
                          <taxonRankName>Genus</taxonRankName>
                        <taxonRankValue>Cyrtonyx</taxonRankValue>
                    </taxonomicClassification>
                    <taxonomicClassification>
                          <taxonRankName>Genus</taxonRankName>
                        <taxonRankValue>Piranga</taxonRankValue>
                    </taxonomicClassification>
                    <taxonomicClassification>
                          <taxonRankName>Genus</taxonRankName>
                        <taxonRankValue>Liomys</taxonRankValue>
                    </taxonomicClassification>
                    <taxonomicClassification>
                          <taxonRankName>Species</taxonRankName>
                        <taxonRankValue>Zenaida asiatica</taxonRankValue>
                          <commonName>paloma alas blancas</commonName>
                    </taxonomicClassification>
                    <taxonomicClassification>
                          <taxonRankName>Species</taxonRankName>
                        <taxonRankValue>Campylorhynchus brunneicapillus</taxonRankValue>
                          <commonName>cactus wren</commonName>
                    </taxonomicClassification>
                    <taxonomicClassification>
                          <taxonRankName>Species</taxonRankName>
                        <taxonRankValue>Hylocharis leucotis</taxonRankValue>
                          <commonName>white-eared hummingbird</commonName>
                    </taxonomicClassification>
                    <taxonomicClassification>
                          <taxonRankName>Species</taxonRankName>
                        <taxonRankValue>Sayornis saya</taxonRankValue>
                          <commonName>papamoscas llanero</commonName>
                    </taxonomicClassification>
                    <taxonomicClassification>
                          <taxonRankName>Species</taxonRankName>
                        <taxonRankValue>Lanius ludovicianus</taxonRankValue>
                          <commonName>alcaudón verdugo</commonName>
                    </taxonomicClassification>
                    <taxonomicClassification>
                          <taxonRankName>Species</taxonRankName>
                        <taxonRankValue>Pipilo fuscus</taxonRankValue>
                          <commonName>california towhee</commonName>
                    </taxonomicClassification>
                    <taxonomicClassification>
                          <taxonRankName>Species</taxonRankName>
                        <taxonRankValue>Polioptila caerulea</taxonRankValue>
                          <commonName>perlita azulgris</commonName>
                    </taxonomicClassification>
                    <taxonomicClassification>
                          <taxonRankName>Species</taxonRankName>
                        <taxonRankValue>Thryomanes bewickii</taxonRankValue>
                          <commonName>Bewick´s wren</commonName>
                    </taxonomicClassification>
                    <taxonomicClassification>
                          <taxonRankName>Species</taxonRankName>
                        <taxonRankValue>Aphelocoma ultramarina</taxonRankValue>
                          <commonName>chara pecho gris neovolcánica</commonName>
                    </taxonomicClassification>
                    <taxonomicClassification>
                          <taxonRankName>Species</taxonRankName>
                        <taxonRankValue>Zonotrichia leucophrys</taxonRankValue>
                          <commonName>gorrión corona blanca</commonName>
                    </taxonomicClassification>
                    <taxonomicClassification>
                          <taxonRankName>Species</taxonRankName>
                        <taxonRankValue>Geococcyx californianus</taxonRankValue>
                          <commonName>correcaminos norteño</commonName>
                    </taxonomicClassification>
                    <taxonomicClassification>
                          <taxonRankName>Species</taxonRankName>
                        <taxonRankValue>Carpodacus mexicanus</taxonRankValue>
                          <commonName>pinzón mexicano</commonName>
                    </taxonomicClassification>
                    <taxonomicClassification>
                          <taxonRankName>Species</taxonRankName>
                        <taxonRankValue>Psaltriparus minimus</taxonRankValue>
                          <commonName>bushtit</commonName>
                    </taxonomicClassification>
                    <taxonomicClassification>
                          <taxonRankName>Species</taxonRankName>
                        <taxonRankValue>Spizella passerina</taxonRankValue>
                          <commonName>gorrión cejas blancas</commonName>
                    </taxonomicClassification>
                    <taxonomicClassification>
                          <taxonRankName>Species</taxonRankName>
                        <taxonRankValue>Myiarchus tuberculifer</taxonRankValue>
                          <commonName>papamoscas triste</commonName>
                    </taxonomicClassification>
                    <taxonomicClassification>
                          <taxonRankName>Species</taxonRankName>
                        <taxonRankValue>Regulus calendula</taxonRankValue>
                          <commonName>reyezuelo matraquita</commonName>
                    </taxonomicClassification>
                    <taxonomicClassification>
                          <taxonRankName>Species</taxonRankName>
                        <taxonRankValue>Corvus corax</taxonRankValue>
                          <commonName>common raven</commonName>
                    </taxonomicClassification>
                    <taxonomicClassification>
                          <taxonRankName>Species</taxonRankName>
                        <taxonRankValue>Icterus parisorum</taxonRankValue>
                          <commonName>calandria tunera</commonName>
                    </taxonomicClassification>
                    <taxonomicClassification>
                          <taxonRankName>Species</taxonRankName>
                        <taxonRankValue>Wilsonia pusilla</taxonRankValue>
                          <commonName>chipe corona negra</commonName>
                    </taxonomicClassification>
                    <taxonomicClassification>
                          <taxonRankName>Species</taxonRankName>
                        <taxonRankValue>Zenaida macroura</taxonRankValue>
                          <commonName>huilota común</commonName>
                    </taxonomicClassification>
                    <taxonomicClassification>
                          <taxonRankName>Species</taxonRankName>
                        <taxonRankValue>Sturnella magna</taxonRankValue>
                          <commonName>eastern meadowlark</commonName>
                    </taxonomicClassification>
                    <taxonomicClassification>
                          <taxonRankName>Species</taxonRankName>
                        <taxonRankValue>Aimophila ruficeps</taxonRankValue>
                          <commonName>zacatonero corona canela</commonName>
                    </taxonomicClassification>
                    <taxonomicClassification>
                          <taxonRankName>Species</taxonRankName>
                        <taxonRankValue>Mimus polyglottos</taxonRankValue>
                          <commonName>centzontle norteño</commonName>
                    </taxonomicClassification>
                    <taxonomicClassification>
                          <taxonRankName>Species</taxonRankName>
                        <taxonRankValue>Accipiter striatus</taxonRankValue>
                          <commonName>gavilán pecho canela</commonName>
                    </taxonomicClassification>
                    <taxonomicClassification>
                          <taxonRankName>Species</taxonRankName>
                        <taxonRankValue>Dendroica coronata</taxonRankValue>
                          <commonName>yellow-rumped warbler</commonName>
                    </taxonomicClassification>
                    <taxonomicClassification>
                          <taxonRankName>Species</taxonRankName>
                        <taxonRankValue>Spizella atrogularis</taxonRankValue>
                          <commonName>black-chinned sparrow</commonName>
                    </taxonomicClassification>
                    <taxonomicClassification>
                          <taxonRankName>Species</taxonRankName>
                        <taxonRankValue>Passerculus sandwichensis</taxonRankValue>
                          <commonName>gorrión sabanero</commonName>
                    </taxonomicClassification>
                    <taxonomicClassification>
                          <taxonRankName>Species</taxonRankName>
                        <taxonRankValue>Falco sparverius</taxonRankValue>
                          <commonName>cernícalo americano</commonName>
                    </taxonomicClassification>
                    <taxonomicClassification>
                          <taxonRankName>Species</taxonRankName>
                        <taxonRankValue>Toxostoma curvirostre</taxonRankValue>
                          <commonName>cuicacoche pico curvo</commonName>
                    </taxonomicClassification>
                    <taxonomicClassification>
                          <taxonRankName>Species</taxonRankName>
                        <taxonRankValue>Pheucticus melanocephalus</taxonRankValue>
                          <commonName>picogordo tigrillo</commonName>
                    </taxonomicClassification>
                    <taxonomicClassification>
                          <taxonRankName>Species</taxonRankName>
                        <taxonRankValue>Empidonax minimus</taxonRankValue>
                          <commonName>mosquero mímimo</commonName>
                    </taxonomicClassification>
                    <taxonomicClassification>
                          <taxonRankName>Species</taxonRankName>
                        <taxonRankValue>Passerina caerulea</taxonRankValue>
                          <commonName>blue grosbeak</commonName>
                    </taxonomicClassification>
                    <taxonomicClassification>
                          <taxonRankName>Species</taxonRankName>
                        <taxonRankValue>Sialia mexicana</taxonRankValue>
                          <commonName>azulejo garganta azul</commonName>
                    </taxonomicClassification>
                    <taxonomicClassification>
                          <taxonRankName>Species</taxonRankName>
                        <taxonRankValue>Vireo gilvus</taxonRankValue>
                          <commonName>vireo gorjeador</commonName>
                    </taxonomicClassification>
                    <taxonomicClassification>
                          <taxonRankName>Species</taxonRankName>
                        <taxonRankValue>Catherpes mexicanus</taxonRankValue>
                          <commonName>saltapared barranqueño</commonName>
                    </taxonomicClassification>
                    <taxonomicClassification>
                          <taxonRankName>Species</taxonRankName>
                        <taxonRankValue>Salpinctes obsoletus</taxonRankValue>
                          <commonName>rock wren</commonName>
                    </taxonomicClassification>
                    <taxonomicClassification>
                          <taxonRankName>Species</taxonRankName>
                        <taxonRankValue>Pipilo maculatus</taxonRankValue>
                          <commonName>rascador moteado</commonName>
                    </taxonomicClassification>
                    <taxonomicClassification>
                          <taxonRankName>Species</taxonRankName>
                        <taxonRankValue>Cathartes aura</taxonRankValue>
                          <commonName>zopilote aura</commonName>
                    </taxonomicClassification>
                    <taxonomicClassification>
                          <taxonRankName>Species</taxonRankName>
                        <taxonRankValue>Turdus migratorius</taxonRankValue>
                          <commonName>mirlo primavera</commonName>
                    </taxonomicClassification>
                    <taxonomicClassification>
                          <taxonRankName>Species</taxonRankName>
                        <taxonRankValue>Aquila chrysaetos</taxonRankValue>
                          <commonName>águila real</commonName>
                    </taxonomicClassification>
                    <taxonomicClassification>
                          <taxonRankName>Species</taxonRankName>
                        <taxonRankValue>Auriparus flaviceps</taxonRankValue>
                          <commonName>baloncillo</commonName>
                    </taxonomicClassification>
                    <taxonomicClassification>
                          <taxonRankName>Species</taxonRankName>
                        <taxonRankValue>Poecile sclateri</taxonRankValue>
                          <commonName>carbonero mexicano</commonName>
                    </taxonomicClassification>
                    <taxonomicClassification>
                          <taxonRankName>Species</taxonRankName>
                        <taxonRankValue>Empidonax difficilis</taxonRankValue>
                          <commonName>Pacific-slope flycatcher</commonName>
                    </taxonomicClassification>
                    <taxonomicClassification>
                          <taxonRankName>Species</taxonRankName>
                        <taxonRankValue>Empidonax affinis</taxonRankValue>
                          <commonName>mosquero pinero</commonName>
                    </taxonomicClassification>
                    <taxonomicClassification>
                          <taxonRankName>Species</taxonRankName>
                        <taxonRankValue>Empidonax wrightii</taxonRankValue>
                          <commonName>mosquero gris</commonName>
                    </taxonomicClassification>
                    <taxonomicClassification>
                          <taxonRankName>Species</taxonRankName>
                        <taxonRankValue>Phainopepla nitens</taxonRankValue>
                          <commonName>capulinero negro</commonName>
                    </taxonomicClassification>
                    <taxonomicClassification>
                          <taxonRankName>Species</taxonRankName>
                        <taxonRankValue>Vireo huttoni</taxonRankValue>
                          <commonName>vireo reyezuelo</commonName>
                    </taxonomicClassification>
                    <taxonomicClassification>
                          <taxonRankName>Species</taxonRankName>
                        <taxonRankValue>Myiarchus cinerascens</taxonRankValue>
                          <commonName>ash-throated flycatcher</commonName>
                    </taxonomicClassification>
                    <taxonomicClassification>
                          <taxonRankName>Species</taxonRankName>
                        <taxonRankValue>Lampornis clemenciae</taxonRankValue>
                          <commonName>blue-throated hummingbird</commonName>
                    </taxonomicClassification>
                    <taxonomicClassification>
                          <taxonRankName>Species</taxonRankName>
                        <taxonRankValue>Coragyps atratus</taxonRankValue>
                          <commonName>zopilote común</commonName>
                    </taxonomicClassification>
                    <taxonomicClassification>
                          <taxonRankName>Species</taxonRankName>
                        <taxonRankValue>Tyrannus vociferans</taxonRankValue>
                          <commonName>Cassin´s kingbird</commonName>
                    </taxonomicClassification>
                    <taxonomicClassification>
                          <taxonRankName>Species</taxonRankName>
                        <taxonRankValue>Cardinalis sinuatus</taxonRankValue>
                          <commonName>cardenal desértico</commonName>
                    </taxonomicClassification>
                    <taxonomicClassification>
                          <taxonRankName>Species</taxonRankName>
                        <taxonRankValue>Picoides scalaris</taxonRankValue>
                          <commonName>carpintero mexicano</commonName>
                    </taxonomicClassification>
                    <taxonomicClassification>
                          <taxonRankName>Species</taxonRankName>
                        <taxonRankValue>Carduelis psaltria</taxonRankValue>
                          <commonName>jilguerito dominico</commonName>
                    </taxonomicClassification>
                    <taxonomicClassification>
                          <taxonRankName>Species</taxonRankName>
                        <taxonRankValue>Colaptes auratus</taxonRankValue>
                          <commonName>carpintero de pechera</commonName>
                    </taxonomicClassification>
                    <taxonomicClassification>
                          <taxonRankName>Species</taxonRankName>
                        <taxonRankValue>Bubo virginianus</taxonRankValue>
                          <commonName>búho cornudo</commonName>
                    </taxonomicClassification>
                    <taxonomicClassification>
                          <taxonRankName>Species</taxonRankName>
                        <taxonRankValue>Accipiter cooperii</taxonRankValue>
                          <commonName>gavilán de Cooper</commonName>
                    </taxonomicClassification>
                    <taxonomicClassification>
                          <taxonRankName>Species</taxonRankName>
                        <taxonRankValue>Buteo jamaicensis</taxonRankValue>
                          <commonName>aguililla cola roja</commonName>
                    </taxonomicClassification>
                    <taxonomicClassification>
                          <taxonRankName>Species</taxonRankName>
                        <taxonRankValue>Sitta carolinensis</taxonRankValue>
                          <commonName>sita pecho blanco</commonName>
                    </taxonomicClassification>
                    <taxonomicClassification>
                          <taxonRankName>Species</taxonRankName>
                        <taxonRankValue>Melanerpes formicivorus</taxonRankValue>
                          <commonName>carpintero bellotero</commonName>
                    </taxonomicClassification>
                    <taxonomicClassification>
                          <taxonRankName>Species</taxonRankName>
                        <taxonRankValue>Eugenes fulgens</taxonRankValue>
                          <commonName>colibrí magnífico</commonName>
                    </taxonomicClassification>
                    <taxonomicClassification>
                          <taxonRankName>Species</taxonRankName>
                        <taxonRankValue>Chaetodipus eremicus</taxonRankValue>
                          <commonName>ratón de abazones</commonName>
                    </taxonomicClassification>
                    <taxonomicClassification>
                          <taxonRankName>Species</taxonRankName>
                        <taxonRankValue>Empidonax occidentalis</taxonRankValue>
                          <commonName>cordilleran flycatcher</commonName>
                    </taxonomicClassification>
                    <taxonomicClassification>
                          <taxonRankName>Species</taxonRankName>
                        <taxonRankValue>Aimophila botterii</taxonRankValue>
                          <commonName>zacatonero de Botteri</commonName>
                    </taxonomicClassification>
                    <taxonomicClassification>
                          <taxonRankName>Species</taxonRankName>
                        <taxonRankValue>Selasphorus rufus</taxonRankValue>
                          <commonName>zumbador canelo</commonName>
                    </taxonomicClassification>
                    <taxonomicClassification>
                          <taxonRankName>Species</taxonRankName>
                        <taxonRankValue>Pooecetes gramineus</taxonRankValue>
                          <commonName>gorrión cola blanca</commonName>
                    </taxonomicClassification>
                    <taxonomicClassification>
                          <taxonRankName>Species</taxonRankName>
                        <taxonRankValue>Chondestes grammacus</taxonRankValue>
                          <commonName>gorrión arlequín</commonName>
                    </taxonomicClassification>
                    <taxonomicClassification>
                          <taxonRankName>Species</taxonRankName>
                        <taxonRankValue>Baeolophus wollweberi</taxonRankValue>
                          <commonName>bridled titmouse</commonName>
                    </taxonomicClassification>
                    <taxonomicClassification>
                          <taxonRankName>Species</taxonRankName>
                        <taxonRankValue>Empidonax fulvifrons</taxonRankValue>
                          <commonName>buff-breasted flycatcher</commonName>
                    </taxonomicClassification>
                    <taxonomicClassification>
                          <taxonRankName>Species</taxonRankName>
                        <taxonRankValue>Junco hyemalis</taxonRankValue>
                          <commonName>dark-eyed junco</commonName>
                    </taxonomicClassification>
                    <taxonomicClassification>
                          <taxonRankName>Species</taxonRankName>
                        <taxonRankValue>Elanus leucurus</taxonRankValue>
                          <commonName>milano cola blanca</commonName>
                    </taxonomicClassification>
                    <taxonomicClassification>
                          <taxonRankName>Species</taxonRankName>
                        <taxonRankValue>Aeronautes saxatalis</taxonRankValue>
                          <commonName>vencejo pecho blanco</commonName>
                    </taxonomicClassification>
                    <taxonomicClassification>
                          <taxonRankName>Species</taxonRankName>
                        <taxonRankValue>Tachycineta thalassina</taxonRankValue>
                          <commonName>golondrina verdemar</commonName>
                    </taxonomicClassification>
                    <taxonomicClassification>
                          <taxonRankName>Species</taxonRankName>
                        <taxonRankValue>Vermivora virginiae</taxonRankValue>
                          <commonName>chipe de Virginia</commonName>
                    </taxonomicClassification>
                    <taxonomicClassification>
                          <taxonRankName>Species</taxonRankName>
                        <taxonRankValue>Spizella pallida</taxonRankValue>
                          <commonName>gorrión pálido</commonName>
                    </taxonomicClassification>
                    <taxonomicClassification>
                          <taxonRankName>Species</taxonRankName>
                        <taxonRankValue>Hirundo rustica</taxonRankValue>
                          <commonName>golondrina tijereta</commonName>
                    </taxonomicClassification>
                    <taxonomicClassification>
                          <taxonRankName>Species</taxonRankName>
                        <taxonRankValue>Selasphorus platycercus</taxonRankValue>
                          <commonName>zumbador cola ancha</commonName>
                    </taxonomicClassification>
                    <taxonomicClassification>
                          <taxonRankName>Species</taxonRankName>
                        <taxonRankValue>Ammodramus savannarum</taxonRankValue>
                          <commonName>gorrión chapulín</commonName>
                    </taxonomicClassification>
                    <taxonomicClassification>
                          <taxonRankName>Species</taxonRankName>
                        <taxonRankValue>Vermivora celata</taxonRankValue>
                          <commonName>chipe corona naranja</commonName>
                    </taxonomicClassification>
                    <taxonomicClassification>
                          <taxonRankName>Species</taxonRankName>
                        <taxonRankValue>Vireo plumbeus</taxonRankValue>
                          <commonName>plumbeous vireo</commonName>
                    </taxonomicClassification>
                    <taxonomicClassification>
                          <taxonRankName>Species</taxonRankName>
                        <taxonRankValue>Contopus pertinax</taxonRankValue>
                          <commonName>papamoscas José María</commonName>
                    </taxonomicClassification>
                    <taxonomicClassification>
                          <taxonRankName>Species</taxonRankName>
                        <taxonRankValue>Picoides villosus</taxonRankValue>
                          <commonName>carpintero albinegro mayor</commonName>
                    </taxonomicClassification>
                    <taxonomicClassification>
                          <taxonRankName>Species</taxonRankName>
                        <taxonRankValue>Dendroica nigrescens</taxonRankValue>
                          <commonName>chipe negrogris</commonName>
                    </taxonomicClassification>
                    <taxonomicClassification>
                          <taxonRankName>Species</taxonRankName>
                        <taxonRankValue>Carduelis pinus</taxonRankValue>
                          <commonName>Chiapas siskin</commonName>
                    </taxonomicClassification>
                    <taxonomicClassification>
                          <taxonRankName>Species</taxonRankName>
                        <taxonRankValue>Mniotilta varia</taxonRankValue>
                          <commonName>chipe trepador</commonName>
                    </taxonomicClassification>
                    <taxonomicClassification>
                          <taxonRankName>Species</taxonRankName>
                        <taxonRankValue>Molothrus aeneus</taxonRankValue>
                          <commonName>bronzed cowbird</commonName>
                    </taxonomicClassification>
                    <taxonomicClassification>
                          <taxonRankName>Species</taxonRankName>
                        <taxonRankValue>Sphyrapicus varius</taxonRankValue>
                          <commonName>carpintero moteado</commonName>
                    </taxonomicClassification>
                    <taxonomicClassification>
                          <taxonRankName>Species</taxonRankName>
                        <taxonRankValue>Rattus norvegicus</taxonRankValue>
                    </taxonomicClassification>
                    <taxonomicClassification>
                          <taxonRankName>Species</taxonRankName>
                        <taxonRankValue>Polioptila melanura</taxonRankValue>
                          <commonName>perlita del desierto</commonName>
                    </taxonomicClassification>
                    <taxonomicClassification>
                          <taxonRankName>Species</taxonRankName>
                        <taxonRankValue>Oporornis tolmiei</taxonRankValue>
                          <commonName>chipe de Tolmie</commonName>
                    </taxonomicClassification>
                    <taxonomicClassification>
                          <taxonRankName>Species</taxonRankName>
                        <taxonRankValue>Buteo albonotatus</taxonRankValue>
                          <commonName>aguililla aura</commonName>
                    </taxonomicClassification>
                    <taxonomicClassification>
                          <taxonRankName>Species</taxonRankName>
                        <taxonRankValue>Cyrtonyx montezumae</taxonRankValue>
                          <commonName>codorniz de Moctezuma</commonName>
                    </taxonomicClassification>
                    <taxonomicClassification>
                          <taxonRankName>Species</taxonRankName>
                        <taxonRankValue>Piranga flava</taxonRankValue>
                          <commonName>piranga encinera</commonName>
                    </taxonomicClassification>
                    <taxonomicClassification>
                          <taxonRankName>Species</taxonRankName>
                        <taxonRankValue>Dendroica townsendi</taxonRankValue>
                          <commonName>chipe de Townsend</commonName>
                    </taxonomicClassification>
                    <taxonomicClassification>
                          <taxonRankName>Species</taxonRankName>
                        <taxonRankValue>Liomys irroratus</taxonRankValue>
                          <commonName>ratón de abazones</commonName>
                    </taxonomicClassification>
                    <taxonomicClassification>
                          <taxonRankName>Species</taxonRankName>
                        <taxonRankValue>Canis latrans</taxonRankValue>
                          <commonName>coyote</commonName>
                    </taxonomicClassification>
                    <taxonomicClassification>
                          <taxonRankName>Species</taxonRankName>
                        <taxonRankValue>Sylvilagus audubonii</taxonRankValue>
                          <commonName>conejo de Audubon</commonName>
                    </taxonomicClassification>
                    <taxonomicClassification>
                          <taxonRankName>Species</taxonRankName>
                        <taxonRankValue>Urocyon cinereoargenteus</taxonRankValue>
                          <commonName>zorra gris</commonName>
                    </taxonomicClassification>
                    <taxonomicClassification>
                          <taxonRankName>Species</taxonRankName>
                        <taxonRankValue>Reithrodontomys megalotis</taxonRankValue>
                          <commonName>sotochí</commonName>
                    </taxonomicClassification>
                    <taxonomicClassification>
                          <taxonRankName>Species</taxonRankName>
                        <taxonRankValue>Chaetodipus nelsoni</taxonRankValue>
                          <commonName>ratón</commonName>
                    </taxonomicClassification>
                    <taxonomicClassification>
                          <taxonRankName>Species</taxonRankName>
                        <taxonRankValue>Sigmodon fulviventer</taxonRankValue>
                          <commonName>rata algodonera de vientre leonado</commonName>
                    </taxonomicClassification>
                    <taxonomicClassification>
                          <taxonRankName>Species</taxonRankName>
                        <taxonRankValue>Mephitis macroura</taxonRankValue>
                          <commonName>comadreja</commonName>
                    </taxonomicClassification>
                    <taxonomicClassification>
                          <taxonRankName>Species</taxonRankName>
                        <taxonRankValue>Bassariscus astutus</taxonRankValue>
                          <commonName>rikamúchi</commonName>
                    </taxonomicClassification>
                    <taxonomicClassification>
                          <taxonRankName>Species</taxonRankName>
                        <taxonRankValue>Myotis ciliolabrum</taxonRankValue>
                          <commonName>murciélago</commonName>
                    </taxonomicClassification>
                    <taxonomicClassification>
                          <taxonRankName>Species</taxonRankName>
                        <taxonRankValue>Peromyscus boylii</taxonRankValue>
                          <commonName>chicuri</commonName>
                    </taxonomicClassification>
                    <taxonomicClassification>
                          <taxonRankName>Species</taxonRankName>
                        <taxonRankValue>Peromyscus maniculatus</taxonRankValue>
                          <commonName>chicuri</commonName>
                    </taxonomicClassification>
                    <taxonomicClassification>
                          <taxonRankName>Species</taxonRankName>
                        <taxonRankValue>Dipodomys phillipsii</taxonRankValue>
                          <commonName>rata canguro de Phillip</commonName>
                    </taxonomicClassification>
                    <taxonomicClassification>
                          <taxonRankName>Species</taxonRankName>
                        <taxonRankValue>Didelphis virginiana</taxonRankValue>
                          <commonName>isú</commonName>
                    </taxonomicClassification>
                    <taxonomicClassification>
                          <taxonRankName>Species</taxonRankName>
                        <taxonRankValue>Reithrodontomys montanus</taxonRankValue>
                          <commonName>ratón silvestre serrano</commonName>
                    </taxonomicClassification>
                    <taxonomicClassification>
                          <taxonRankName>Species</taxonRankName>
                        <taxonRankValue>Procyon lotor</taxonRankValue>
                          <commonName>mapache</commonName>
                    </taxonomicClassification>
                    <taxonomicClassification>
                          <taxonRankName>Species</taxonRankName>
                        <taxonRankValue>Peromyscus melanophrys</taxonRankValue>
                          <commonName>ratón montero negruzco</commonName>
                    </taxonomicClassification>
                    <taxonomicClassification>
                          <taxonRankName>Species</taxonRankName>
                        <taxonRankValue>Spermophilus variegatus</taxonRankValue>
                          <commonName>chipawí</commonName>
                    </taxonomicClassification>
                    <taxonomicClassification>
                          <taxonRankName>Species</taxonRankName>
                        <taxonRankValue>Lynx rufus</taxonRankValue>
                          <commonName>lince; gato montes; gato colino</commonName>
                    </taxonomicClassification>
                    <taxonomicClassification>
                          <taxonRankName>Species</taxonRankName>
                        <taxonRankValue>Peromyscus gratus</taxonRankValue>
                          <commonName>chicuri</commonName>
                    </taxonomicClassification>
                    <taxonomicClassification>
                          <taxonRankName>Species</taxonRankName>
                        <taxonRankValue>Onychomys arenicola</taxonRankValue>
                          <commonName>ratón chapulinero del sur</commonName>
                    </taxonomicClassification>
                    <taxonomicClassification>
                          <taxonRankName>Species</taxonRankName>
                        <taxonRankValue>Baiomys taylori</taxonRankValue>
                          <commonName>sotóchi</commonName>
                    </taxonomicClassification>
                    <taxonomicClassification>
                          <taxonRankName>Species</taxonRankName>
                        <taxonRankValue>Corynorhinus townsendii</taxonRankValue>
                          <commonName>sopichí</commonName>
                    </taxonomicClassification>
                    <taxonomicClassification>
                          <taxonRankName>Species</taxonRankName>
                        <taxonRankValue>Peromyscus pectoralis</taxonRankValue>
                          <commonName>ratón</commonName>
                    </taxonomicClassification>
                    <taxonomicClassification>
                          <taxonRankName>Species</taxonRankName>
                        <taxonRankValue>Myotis velifer</taxonRankValue>
                          <commonName>sopichí</commonName>
                    </taxonomicClassification>
                    <taxonomicClassification>
                          <taxonRankName>Species</taxonRankName>
                        <taxonRankValue>Neotoma mexicana</taxonRankValue>
                          <commonName>rorí</commonName>
                    </taxonomicClassification>
                    <taxonomicClassification>
                          <taxonRankName>Species</taxonRankName>
                        <taxonRankValue>Perognathus flavus</taxonRankValue>
                          <commonName>ratón de bolsas</commonName>
                    </taxonomicClassification>
                    <taxonomicClassification>
                          <taxonRankName>Species</taxonRankName>
                        <taxonRankValue>Pecari tajacu</taxonRankValue>
                          <commonName>kabalín</commonName>
                    </taxonomicClassification>
                    <taxonomicClassification>
                          <taxonRankName>Species</taxonRankName>
                        <taxonRankValue>Lepus californicus</taxonRankValue>
                          <commonName>ruyé</commonName>
                    </taxonomicClassification>
                    <taxonomicClassification>
                          <taxonRankName>Species</taxonRankName>
                        <taxonRankValue>Odocoileus virginianus</taxonRankValue>
                          <commonName>chomarí</commonName>
                    </taxonomicClassification>
                    <taxonomicClassification>
                          <taxonRankName>Species</taxonRankName>
                        <taxonRankValue>Nasua narica</taxonRankValue>
                          <commonName>churé</commonName>
                    </taxonomicClassification>
                    <taxonomicClassification>
                          <taxonRankName>Species</taxonRankName>
                        <taxonRankValue>Peromyscus difficilis</taxonRankValue>
                          <commonName>chicuri</commonName>
                    </taxonomicClassification>
                    <taxonomicClassification>
                          <taxonRankName>Species</taxonRankName>
                        <taxonRankValue>Puma concolor</taxonRankValue>
                          <commonName>puma</commonName>
                    </taxonomicClassification>
                    <taxonomicClassification>
                          <taxonRankName>Infraspecific Name</taxonRankName>
                        <taxonRankValue>Canis latrans subsp. impavidus</taxonRankValue>
                          <commonName>coyote</commonName>
                    </taxonomicClassification>
                    <taxonomicClassification>
                          <taxonRankName>Infraspecific Name</taxonRankName>
                        <taxonRankValue>Sylvilagus audubonii subsp. parvulus</taxonRankValue>
                          <commonName>conejo de Audubon</commonName>
                    </taxonomicClassification>
                    <taxonomicClassification>
                          <taxonRankName>Infraspecific Name</taxonRankName>
                        <taxonRankValue>Urocyon cinereoargenteus subsp. madrensis</taxonRankValue>
                          <commonName>zorra gris</commonName>
                    </taxonomicClassification>
                    <taxonomicClassification>
                          <taxonRankName>Infraspecific Name</taxonRankName>
                        <taxonRankValue>Reithrodontomys megalotis subsp. megalotis</taxonRankValue>
                          <commonName>sotochí</commonName>
                    </taxonomicClassification>
                    <taxonomicClassification>
                          <taxonRankName>Infraspecific Name</taxonRankName>
                        <taxonRankValue>Chaetodipus nelsoni subsp. nelsoni</taxonRankValue>
                          <commonName>ratón</commonName>
                    </taxonomicClassification>
                    <taxonomicClassification>
                          <taxonRankName>Infraspecific Name</taxonRankName>
                        <taxonRankValue>Sigmodon fulviventer subsp. fulviventer</taxonRankValue>
                          <commonName>rata algodonera de vientre leonado</commonName>
                    </taxonomicClassification>
                    <taxonomicClassification>
                          <taxonRankName>Infraspecific Name</taxonRankName>
                        <taxonRankValue>Mephitis macroura subsp. macroura</taxonRankValue>
                          <commonName>comadreja</commonName>
                    </taxonomicClassification>
                    <taxonomicClassification>
                          <taxonRankName>Infraspecific Name</taxonRankName>
                        <taxonRankValue>Bassariscus astutus subsp. flavus</taxonRankValue>
                          <commonName>rikamúchi</commonName>
                    </taxonomicClassification>
                    <taxonomicClassification>
                          <taxonRankName>Infraspecific Name</taxonRankName>
                        <taxonRankValue>Myotis ciliolabrum subsp. melanorhinus</taxonRankValue>
                          <commonName>murciélago</commonName>
                    </taxonomicClassification>
                    <taxonomicClassification>
                          <taxonRankName>Infraspecific Name</taxonRankName>
                        <taxonRankValue>Peromyscus boylii subsp. rowleyi</taxonRankValue>
                          <commonName>chicuri</commonName>
                    </taxonomicClassification>
                    <taxonomicClassification>
                          <taxonRankName>Infraspecific Name</taxonRankName>
                        <taxonRankValue>Peromyscus maniculatus subsp. blandus</taxonRankValue>
                          <commonName>chicuri</commonName>
                    </taxonomicClassification>
                    <taxonomicClassification>
                          <taxonRankName>Infraspecific Name</taxonRankName>
                        <taxonRankValue>Dipodomys phillipsii subsp. ornatus</taxonRankValue>
                          <commonName>rata canguro de Phillip</commonName>
                    </taxonomicClassification>
                    <taxonomicClassification>
                          <taxonRankName>Infraspecific Name</taxonRankName>
                        <taxonRankValue>Didelphis virginiana subsp. californica</taxonRankValue>
                          <commonName>isú</commonName>
                    </taxonomicClassification>
                    <taxonomicClassification>
                          <taxonRankName>Infraspecific Name</taxonRankName>
                        <taxonRankValue>Reithrodontomys montanus subsp. montanus</taxonRankValue>
                          <commonName>ratón silvestre serrano</commonName>
                    </taxonomicClassification>
                    <taxonomicClassification>
                          <taxonRankName>Infraspecific Name</taxonRankName>
                        <taxonRankValue>Procyon lotor subsp. mexicanus</taxonRankValue>
                          <commonName>mapache</commonName>
                    </taxonomicClassification>
                    <taxonomicClassification>
                          <taxonRankName>Infraspecific Name</taxonRankName>
                        <taxonRankValue>Peromyscus melanophrys subsp. consobrinus</taxonRankValue>
                          <commonName>ratón montero negruzco</commonName>
                    </taxonomicClassification>
                    <taxonomicClassification>
                          <taxonRankName>Infraspecific Name</taxonRankName>
                        <taxonRankValue>Spermophilus variegatus subsp. rupestris</taxonRankValue>
                          <commonName>chipawí</commonName>
                    </taxonomicClassification>
                    <taxonomicClassification>
                          <taxonRankName>Infraspecific Name</taxonRankName>
                        <taxonRankValue>Lynx rufus subsp. escuinapae</taxonRankValue>
                          <commonName>lince; gato montes; gato colino</commonName>
                    </taxonomicClassification>
                    <taxonomicClassification>
                          <taxonRankName>Infraspecific Name</taxonRankName>
                        <taxonRankValue>Peromyscus gratus subsp. gentilis</taxonRankValue>
                          <commonName>chicuri</commonName>
                    </taxonomicClassification>
                    <taxonomicClassification>
                          <taxonRankName>Infraspecific Name</taxonRankName>
                        <taxonRankValue>Onychomys arenicola subsp. canus</taxonRankValue>
                          <commonName>ratón chapulinero del sur</commonName>
                    </taxonomicClassification>
                    <taxonomicClassification>
                          <taxonRankName>Infraspecific Name</taxonRankName>
                        <taxonRankValue>Baiomys taylori subsp. paulus</taxonRankValue>
                          <commonName>sotóchi</commonName>
                    </taxonomicClassification>
                    <taxonomicClassification>
                          <taxonRankName>Infraspecific Name</taxonRankName>
                        <taxonRankValue>Corynorhinus townsendii subsp. australis</taxonRankValue>
                          <commonName>sopichí</commonName>
                    </taxonomicClassification>
                    <taxonomicClassification>
                          <taxonRankName>Infraspecific Name</taxonRankName>
                        <taxonRankValue>Peromyscus pectoralis subsp. pectoralis</taxonRankValue>
                          <commonName>ratón</commonName>
                    </taxonomicClassification>
                    <taxonomicClassification>
                          <taxonRankName>Infraspecific Name</taxonRankName>
                        <taxonRankValue>Myotis velifer subsp. incautus</taxonRankValue>
                          <commonName>sopichí</commonName>
                    </taxonomicClassification>
                    <taxonomicClassification>
                          <taxonRankName>Infraspecific Name</taxonRankName>
                        <taxonRankValue>Neotoma mexicana subsp. mexicana</taxonRankValue>
                          <commonName>rorí</commonName>
                    </taxonomicClassification>
                    <taxonomicClassification>
                          <taxonRankName>Infraspecific Name</taxonRankName>
                        <taxonRankValue>Perognathus flavus subsp. medius</taxonRankValue>
                          <commonName>ratón de bolsas</commonName>
                    </taxonomicClassification>
                    <taxonomicClassification>
                          <taxonRankName>Infraspecific Name</taxonRankName>
                        <taxonRankValue>Pecari tajacu subsp. sonoriensis</taxonRankValue>
                          <commonName>kabalín</commonName>
                    </taxonomicClassification>
                    <taxonomicClassification>
                          <taxonRankName>Infraspecific Name</taxonRankName>
                        <taxonRankValue>Lepus californicus subsp. texianus</taxonRankValue>
                          <commonName>ruyé</commonName>
                    </taxonomicClassification>
                    <taxonomicClassification>
                          <taxonRankName>Infraspecific Name</taxonRankName>
                        <taxonRankValue>Odocoileus virginianus subsp. couesi</taxonRankValue>
                          <commonName>chomarí</commonName>
                    </taxonomicClassification>
                    <taxonomicClassification>
                          <taxonRankName>Infraspecific Name</taxonRankName>
                        <taxonRankValue>Nasua narica subsp. molaris</taxonRankValue>
                          <commonName>churé</commonName>
                    </taxonomicClassification>
                    <taxonomicClassification>
                          <taxonRankName>Infraspecific Name</taxonRankName>
                        <taxonRankValue>Peromyscus difficilis subsp. difficilis</taxonRankValue>
                          <commonName>chicuri</commonName>
                    </taxonomicClassification>
                    <taxonomicClassification>
                          <taxonRankName>Infraspecific Name</taxonRankName>
                        <taxonRankValue>Puma concolor subsp. aztecus</taxonRankValue>
                          <commonName>puma</commonName>
                    </taxonomicClassification>
              </taxonomicCoverage>
      </coverage>
      <maintenance>
          <description>
              <para></para>
          </description>
          <maintenanceUpdateFrequency>notPlanned</maintenanceUpdateFrequency>
      </maintenance>
      <contact>
    <individualName>
<givenName>Sonia Alejandra</givenName>        <surName>Careaga Olvera</surName>
    </individualName>
<organizationName>Comisión Nacional para el Conocimiento y Uso de la Biodiversidad</organizationName><positionName>Subcoordinadora en Información y Análisis</positionName>    <address>
<deliveryPoint>Liga Periférico-Insurgentes Sur No. 4903, Col. Parques del Pedregal</deliveryPoint><city>México</city><administrativeArea>Tlalpan</administrativeArea><postalCode>14010</postalCode><country>MEXICO</country>    </address>
<phone>50045000</phone><electronicMailAddress>scareaga@conabio.gob.mx</electronicMailAddress><onlineUrl>https://www.gob.mx/conabio</onlineUrl>      </contact>

      <project id="IE003-IE0031212F_corregida">
          <title>Aves y mamíferos del Parque Nacional Sierra de Órganos, Zacatecas</title>
          <personnel>
    <individualName>
<givenName>Jesús Alberto</givenName>        <surName>Rodríguez Maturino</surName>
    </individualName>
    <role>CONTENT_PROVIDER</role>
          </personnel>
          <funding>
              <para>Comisión Nacional para el Conocimiento y Uso de la Biodiversidad (CONABIO)</para>
          </funding>
            <studyAreaDescription>
                <descriptor name="generic" citableClassificationSystem="false">
                    <descriptorValue>Aves
Mamíferos
águilas; gavilanes; milanos; aguilillas
aguilillas
alcaudones verdugos
ardillas
auras
azulejos
baloncillos
búhos
cacomixtles
calandrias
capulineros
carboneros
cardenales
carpinteros
centzontles
charas
chipes
chivirines
codornices
colibríes
colorines
conejos
correcaminos
coyotes
cuervos
cuitlacoches
felinos
gavilanes
golondrinas
gorriones
halcones
juncos
liebres
mapaches
matracas
mirlos
mosqueros
murciélagos insectívoros
palomas
pecaríes
perlitas
picogordos
praderos
ratas canguro; ratones de abazones
ratas; ratones
reyezuelos
sastrecillos
sittas
tángaras
tejones
tlacuaches
toquíes
tordos
venados
vencejos
vireos
zacatoneros
zopilotes
zorras
zorrillos</descriptorValue>
                </descriptor>
            </studyAreaDescription>
      </project>
</dataset>

<additionalMetadata>
    <metadata>
      <gbif>
        <dateStamp>2017-05-14T13:37:29Z</dateStamp>
      <citation>Rodríguez Maturino J A, Ramos Rivera P (2017). Aves y mamíferos del Parque Nacional Sierra de Órganos, Zacatecas. Version 1.3. Comisión nacional para el conocimiento y uso de la biodiversidad. Occurrence Dataset http://doi.org/10.15468/bfq33i accessed via GBIF.org on 2017-05-14.</citation>
              <physical>
                  <objectName>SNIB-IE003-CSV.zip</objectName>
                  <characterEncoding>UTF-8</characterEncoding>
                  <dataFormat>
                      <externallyDefinedFormat>
                          <formatName>CSV</formatName>
                      </externallyDefinedFormat>
                  </dataFormat>
                  <distribution>
                      <online>
                          <url function="download">http://www.snib.mx/proyectos/IE003/SNIB-IE003-CSV.zip</url>
                      </online>
                  </distribution>
              </physical>
              <physical>
                  <objectName>SNIB-IE003-BD.zip</objectName>
                  <characterEncoding>UTF-8</characterEncoding>
                  <dataFormat>
                      <externallyDefinedFormat>
                          <formatName>MDB</formatName>
                            <formatVersion>Microsoft Access 2007</formatVersion>
                      </externallyDefinedFormat>
                  </dataFormat>
                  <distribution>
                      <online>
                          <url function="download">http://www.snib.mx/proyectos/IE003/SNIB-IE003-BD.zip</url>
                      </online>
                  </distribution>
              </physical>
              <collection>
                <parentCollectionIdentifier>NO APLICA</parentCollectionIdentifier>
                <collectionIdentifier></collectionIdentifier>
                <collectionName>Centro de Ecología Regional, A.C.; CERAC</collectionName>
              </collection>
              <collection>
                <parentCollectionIdentifier>NO APLICA</parentCollectionIdentifier>
                <collectionIdentifier></collectionIdentifier>
                <collectionName>Colección Nacional de Mamíferos; CNMA; Instituto de Biología, Universidad Nacional Autónoma de México; IBUNAM</collectionName>
              </collection>
              <collection>
                <parentCollectionIdentifier>NO APLICA</parentCollectionIdentifier>
                <collectionIdentifier></collectionIdentifier>
                <collectionName>Colección Ornitológica; MZFC; Museo de Zoología Alfonso L. Herrera, Facultad de Ciencias, Universidad Nacional Autónoma de México; FC-UNAM</collectionName>
              </collection>
                <specimenPreservationMethod>MOUNTED</specimenPreservationMethod>
                  <jgtiCuratorialUnit>
                      <jgtiUnitType>Ejemplar</jgtiUnitType>
                      <jgtiUnitRange>
                          <beginRange>1</beginRange>
                          <endRange>2,559</endRange>
                      </jgtiUnitRange>
                  </jgtiCuratorialUnit>
        </gbif>
    </metadata>
</additionalMetadata>

</eml:eml>
