<?xml version="1.0" encoding="utf-8"?>
<eml:eml xmlns:eml="eml://ecoinformatics.org/eml-2.1.1" xmlns:xsi="http://www.w3.org/2001/XMLSchema-instance"
         xsi:schemaLocation="eml://ecoinformatics.org/eml-2.1.1 http://rs.gbif.org/schema/eml-gbif-profile/1.1/eml.xsd"
        packageId="95f132fe-f762-11e1-a439-00145eb45e9a"  system="http://gbif.org" scope="system"
  xml:lang="en">

<dataset>
      <alternateIdentifier>doi:10.15468/vbbzks</alternateIdentifier>
        <alternateIdentifier>8013</alternateIdentifier>
    <title>Mammal specimen database of Kanagawa Prefectural Museum of Natural History</title>
    <associatedParty>
<positionName>Curator</positionName><phone>+81-465-21-1515</phone><electronicMailAddress>hirotani@nh.kanagawa-museum.jp</electronicMailAddress>    </associatedParty>
    <associatedParty>
<positionName>Curator</positionName><phone>+81-465-21-1515</phone><electronicMailAddress>hirotani@nh.kanagawa-museum.jp</electronicMailAddress>    </associatedParty>
    <language>en</language>
    <abstract>
        <para>Mammal specimens from Japan and other countries, deposited at Kanagawa Prefectural Museum of Natural History</para>
    </abstract>
      <intellectualRights>
        <para>This work is licensed under a <ulink url="http://creativecommons.org/licenses/by/4.0/legalcode"><citetitle>Creative Commons Attribution (CC-BY) 4.0 License</citetitle></ulink>.</para>
      </intellectualRights>
      <distribution scope="document">
          <online>
              <url function="information">http://nh.kanagawa-museum.jp/</url>
          </online>
      </distribution>

</dataset>

<additionalMetadata>
    <metadata>
      <gbif>
        <dateStamp>2017-05-14T13:37:20Z</dateStamp>
      <citation>Mammal specimen database of Kanagawa Prefectural Museum of Natural History. National Museum of Nature and Science, Japan. Occurrence Dataset http://doi.org/10.15468/vbbzks accessed via GBIF.org on 2017-05-14.</citation>
        </gbif>
    </metadata>
</additionalMetadata>

</eml:eml>
