<?xml version="1.0" encoding="utf-8"?>
<eml:eml xmlns:eml="eml://ecoinformatics.org/eml-2.1.1" xmlns:xsi="http://www.w3.org/2001/XMLSchema-instance"
         xsi:schemaLocation="eml://ecoinformatics.org/eml-2.1.1 http://rs.gbif.org/schema/eml-gbif-profile/1.1/eml.xsd"
        packageId="ad9599c0-16f7-11df-b5b3-b8a03c50a862"  system="http://gbif.org" scope="system"
  xml:lang="es">

<dataset>
      <alternateIdentifier>doi:10.15468/kys66h</alternateIdentifier>
        <alternateIdentifier>10869</alternateIdentifier>
    <title>Registros biológicos  en áreas protegidas obtenidos de documentos impresos</title>
    <associatedParty>
<positionName>[data administrator, system administrator]</positionName><electronicMailAddress>mgross@apn.gov.ar</electronicMailAddress>    </associatedParty>
    <language>en</language>
    <abstract>
        <para>Registros de especies de todos los reinos, localizadas en áreas protegidas, obtenidos de publicaciones, informes técnicos, comunicaciones personales, etc.</para>
    </abstract>
      <intellectualRights>
        <para>This work is licensed under a <ulink url="http://creativecommons.org/licenses/by/4.0/legalcode"><citetitle>Creative Commons Attribution (CC-BY) 4.0 License</citetitle></ulink>.</para>
      </intellectualRights>
      <distribution scope="document">
          <online>
              <url function="information">http://www.sib.gov.ar/tapirlink-0.7.0/www/tapir.php/APN-DOCUMENTOS</url>
          </online>
      </distribution>

</dataset>

<additionalMetadata>
    <metadata>
      <gbif>
        <dateStamp>2017-05-14T13:37:15Z</dateStamp>
      <citation>Registros biológicos  en áreas protegidas obtenidos de documentos impresos. Administración de Parques Nacionales, Argentina. Occurrence Dataset http://doi.org/10.15468/kys66h accessed via GBIF.org on 2017-05-14.</citation>
        </gbif>
    </metadata>
</additionalMetadata>

</eml:eml>
