<?xml version="1.0" encoding="utf-8"?>
<eml:eml xmlns:eml="eml://ecoinformatics.org/eml-2.1.1" xmlns:xsi="http://www.w3.org/2001/XMLSchema-instance"
         xsi:schemaLocation="eml://ecoinformatics.org/eml-2.1.1 http://rs.gbif.org/schema/eml-gbif-profile/1.1/eml.xsd"
        packageId="b78dc638-1dde-43b4-a4cb-1e7e8ba2f185"  system="http://gbif.org" scope="system"
  xml:lang="en">

<dataset>
      <alternateIdentifier>doi:10.15468/2ynl0h</alternateIdentifier>
        <alternateIdentifier>http://www.cenpat-conicet.gob.ar:8081/ipt/resource?r=cnpme</alternateIdentifier>
        <alternateIdentifier>b78dc638-1dde-43b4-a4cb-1e7e8ba2f185</alternateIdentifier>
    <title>Colección  de moldes endocraneanos del CENPAT</title>
    <creator>
    <individualName>
<givenName>Teresa</givenName>        <surName>Dozo</surName>
    </individualName>
<organizationName>CENPAT-CONiCET</organizationName><positionName>curadora</positionName>    <address>
<country>ARGENTINA</country>    </address>
    </creator>
    <metadataProvider>
    <individualName>
<givenName>Teresa</givenName>        <surName>Dozo</surName>
    </individualName>
<organizationName>CENPAT-CONiCET</organizationName><positionName>curadora</positionName>    <address>
<country>ARGENTINA</country>    </address>
    </metadataProvider>
    <associatedParty>
    <individualName>
<givenName>Renato</givenName>        <surName>Mazzanti</surName>
    </individualName>
<electronicMailAddress>renato@cenpat.edu.ar</electronicMailAddress>    <role>USER</role>
    </associatedParty>
      <pubDate>
      2015-05-06
      </pubDate>
    <language>ENGLISH</language>
    <abstract>
        <para>This collection includes fossil brain endocasts of Cenozoic mammals of Argentina (marsupials, edentates, litopterns, notoungulates, rodents and carnivores) principally from Patagonia. This material, the subject of paleoneurological studies, is directly related to the project: “Paleoneurolgy of South American Cenozoic Mammals”. 

Also it includes recent brain endocasts of Neotropical mammals and other vertebrates and the Collection of Juan Carlos Quiroga, who was the pioneer of the Paleoneurology in Argentina. His collection includes the most important collection of fossil brain endocasts of Mesozoic mammal-like reptiles of South America.</para>
    </abstract>
        <keywordSet>
              <keyword>South America</keyword>
              <keyword>South American mammals</keyword>
              <keyword>Argentina</keyword>
              <keyword>Mesozoic.</keyword>
              <keyword>Fossil endocasts</keyword>
              <keyword>Paleoneurology</keyword>
              <keyword>Mammal-like reptiles</keyword>
              <keyword>Cenozoic</keyword>
              <keyword>Patagonia</keyword>
              <keywordThesaurus>Keywords</keywordThesaurus>
        </keywordSet>
        <keywordSet>
              <keyword>Occurrence</keyword>
              <keywordThesaurus>GBIF Dataset Type Vocabulary: http://rs.gbif.org/vocabulary/gbif/dataset_type.xml</keywordThesaurus>
        </keywordSet>
        <keywordSet>
              <keyword>Specimen</keyword>
              <keywordThesaurus>GBIF Dataset Subtype Vocabulary: http://rs.gbif.org/vocabulary/gbif/dataset_subtype.xml</keywordThesaurus>
        </keywordSet>
      <intellectualRights>
        <para>This work is licensed under a <ulink url="http://creativecommons.org/licenses/by/4.0/legalcode"><citetitle>Creative Commons Attribution (CC-BY) 4.0 License</citetitle></ulink>.</para>
      </intellectualRights>
      <contact>
    <individualName>
<givenName>Teresa</givenName>        <surName>Dozo</surName>
    </individualName>
<organizationName>CENPAT-CONiCET</organizationName><positionName>curadora</positionName>    <address>
<country>ARGENTINA</country>    </address>
      </contact>

</dataset>

<additionalMetadata>
    <metadata>
      <gbif>
        <dateStamp>2017-05-14T13:37:13Z</dateStamp>
      <citation>Dozo T (2015). Colección  de moldes endocraneanos del CENPAT. Version 1.1. CCT CONICET-CENPAT Centro Científico Tecnológico. Occurrence Dataset http://doi.org/10.15468/2ynl0h accessed via GBIF.org on 2017-05-14.</citation>
        </gbif>
    </metadata>
</additionalMetadata>

</eml:eml>
