<?xml version="1.0" encoding="utf-8"?>
<eml:eml xmlns:eml="eml://ecoinformatics.org/eml-2.1.1" xmlns:xsi="http://www.w3.org/2001/XMLSchema-instance"
         xsi:schemaLocation="eml://ecoinformatics.org/eml-2.1.1 http://rs.gbif.org/schema/eml-gbif-profile/1.1/eml.xsd"
        packageId="bd2feca8-ec39-4480-9dad-e353ab6a506d"  system="http://gbif.org" scope="system"
  xml:lang="en">

<dataset>
      <alternateIdentifier>doi:10.15468/bbj8ad</alternateIdentifier>
        <alternateIdentifier>http://ipt.vertnet.org:8080/ipt/resource?r=utep_verts</alternateIdentifier>
        <alternateIdentifier>http://ipt.vertnet.org:8080/ipt/resource.do?r=utep_verts</alternateIdentifier>
        <alternateIdentifier>bd2feca8-ec39-4480-9dad-e353ab6a506d</alternateIdentifier>
        <alternateIdentifier>14396</alternateIdentifier>
    <title>UTEP Vertebrates</title>
    <creator>
    <individualName>
<givenName>Teresa</givenName>        <surName>Mayfield</surName>
    </individualName>
<organizationName>University of Texas at El Paso</organizationName><positionName>Manager, UTEP Biodiversity Collections</positionName>    <address>
<deliveryPoint>500 W. University Avenue, Biology B222</deliveryPoint><city>El Paso</city><administrativeArea>TX</administrativeArea><postalCode>79968-0533</postalCode><country>UNITED_STATES</country>    </address>
<phone>+01 915-747-5479</phone><electronicMailAddress>tmayfield@utep.edu</electronicMailAddress><onlineUrl>https://www.utep.edu/leb/collect/collect.htm</onlineUrl>    </creator>
    <metadataProvider>
    <individualName>
<givenName>Teresa</givenName>        <surName>Mayfield</surName>
    </individualName>
<organizationName>University of Texas at El Paso</organizationName><positionName>Manager, UTEP Biodiversity Collections</positionName>    <address>
<deliveryPoint>500 W. University Avenue, Biology B222</deliveryPoint><city>El Paso</city><administrativeArea>TX</administrativeArea><postalCode>79968-0533</postalCode><country>UNITED_STATES</country>    </address>
<phone>+01 915-747-5479</phone><electronicMailAddress>tmayfield@utep.edu</electronicMailAddress><onlineUrl>https://www.utep.edu/leb/collect/collect.htm</onlineUrl>    </metadataProvider>
    <associatedParty>
    <individualName>
<givenName>Laura</givenName>        <surName>Russell</surName>
    </individualName>
<organizationName>VertNet</organizationName><positionName>VertNet Programmer</positionName><electronicMailAddress>larussell@vertnet.org</electronicMailAddress>    <role>PROGRAMMER</role>
    </associatedParty>
    <associatedParty>
    <individualName>
<givenName>David</givenName>        <surName>Bloom</surName>
    </individualName>
<organizationName>VertNet</organizationName><positionName>VertNet Coordinator</positionName><electronicMailAddress>dbloom@vertnet.org</electronicMailAddress>    <role>PROGRAMMER</role>
    </associatedParty>
    <associatedParty>
    <individualName>
<givenName>John</givenName>        <surName>Wieczorek</surName>
    </individualName>
<organizationName>Museum of Vertebrate Zoology at Berkeley</organizationName><positionName>Information Architect</positionName><electronicMailAddress>tuco@berkeley.edu</electronicMailAddress>    <role>PROGRAMMER</role>
    </associatedParty>
    <associatedParty>
    <individualName>
<givenName>Arthur</givenName>        <surName>Harris</surName>
    </individualName>
<organizationName>University of Texas at El Paso</organizationName><positionName>Curator of the Paleobiology collection</positionName>    <address>
<deliveryPoint>500 W. University Avenue</deliveryPoint><city>El Paso</city><administrativeArea>TX</administrativeArea><postalCode>79968-0519</postalCode><country>UNITED_STATES</country>    </address>
<phone>915-747-6895</phone><electronicMailAddress>aharris@utep.edu</electronicMailAddress><onlineUrl>http://www.utep.edu/leb/default.htm</onlineUrl>    <role>POINT_OF_CONTACT</role>
    </associatedParty>
    <associatedParty>
    <individualName>
<givenName>Carl</givenName>        <surName>Lieb</surName>
    </individualName>
<organizationName>University of Texas at El Paso</organizationName><positionName>Co-Curator of the Herpetology Collection</positionName>    <address>
<deliveryPoint>500 West University Avenue, Biology Bldg. #209</deliveryPoint><city>El Paso</city><administrativeArea>TX</administrativeArea><postalCode>79968-0519</postalCode><country>UNITED_STATES</country>    </address>
<electronicMailAddress>clieb@utep.edu</electronicMailAddress><onlineUrl>http://www.utep.edu/leb/default.htm</onlineUrl>    <role>POINT_OF_CONTACT</role>
    </associatedParty>
    <associatedParty>
    <individualName>
<givenName>Philip</givenName>        <surName>Lavretsky</surName>
    </individualName>
<organizationName>University of Texas at El Paso</organizationName><positionName>Curator of Ornithology</positionName>    <address>
<deliveryPoint>500 West University Avenue, Biology Bldg. #222</deliveryPoint><city>El Paso</city><administrativeArea>TX</administrativeArea><postalCode>79968-0519</postalCode><country>UNITED_STATES</country>    </address>
<electronicMailAddress>plavretsky@utep.edu</electronicMailAddress><onlineUrl>http://www.utep.edu/leb/default.htm</onlineUrl>    <role>POINT_OF_CONTACT</role>
    </associatedParty>
      <pubDate>
      2016-12-22
      </pubDate>
    <language>ENGLISH</language>
    <abstract>
        <para>The UTEP Biodiversity Collections originated as departmental teaching and research collections in the early 1960s. Between the mid-1960s and the early 1970s, the collections were formalized under the name Museum of Arid Land Biology (acronym MALB). In 1976, organizational changes instituted by the university resulted in the renaming of the collections and associated activities as the Laboratory for Environmental Biology (acronym UTEP, though locally called the &amp;#34;LEB&amp;#34;). In July of 1993, the Laboratory became associated with the University of Texas at El Paso&amp;#39;s Centennial Museum through a memorandum of understanding.&lt;br /&gt;&lt;br /&gt;

Some 160,000 curated specimens form the base for research by Centennial Museum personnel and faculty curators; by graduate and undergraduate students from the University of Texas at El Paso; and, through loans and visitation, graduate students and professionals from other institutions. The name was changed to UTEP Biodiversity Collections in August of 2012.&lt;br /&gt;&lt;br /&gt;

Collections primarily are of modern amphibians, reptiles, and birds as well as fossil vertebrates (amphibians, reptiles, birds, and mammals).  The collections have a regional emphasis, but also contain material from outside the Southwest, particularly from Mexico. The research collections are maintained in the Biology Building.</para>
    </abstract>
        <keywordSet>
              <keyword>Occurrence</keyword>
              <keywordThesaurus>GBIF Dataset Type Vocabulary: http://rs.gbif.org/vocabulary/gbif/dataset_type.xml</keywordThesaurus>
        </keywordSet>
        <keywordSet>
              <keyword>Specimen</keyword>
              <keywordThesaurus>GBIF Dataset Subtype Vocabulary: http://rs.gbif.org/vocabulary/gbif/dataset_subtype.xml</keywordThesaurus>
        </keywordSet>
      <additionalInfo>
          <para>http://vertnet.org/resources/norms.html</para>
      </additionalInfo>
      <intellectualRights>
        <para>To the extent possible under law, the publisher has waived all rights to these data and has dedicated them to the <ulink url="http://creativecommons.org/publicdomain/zero/1.0/legalcode"><citetitle>Public Domain (CC0 1.0)</citetitle></ulink>. Users may copy, modify, distribute and use the work, including for commercial purposes, without restriction.</para>
      </intellectualRights>
      <distribution scope="document">
          <online>
              <url function="information">http://museum.utep.edu</url>
          </online>
      </distribution>
      <coverage>
            <geographicCoverage>
                  <geographicDescription>The collections have a regional emphasis, but also contain material from outside the Southwest, particularly from Mexico.</geographicDescription>
                  <boundingCoordinates>
                      <westBoundingCoordinate>-123.91</westBoundingCoordinate>
                      <eastBoundingCoordinate>-93.01</eastBoundingCoordinate>
                      <northBoundingCoordinate>41.88</northBoundingCoordinate>
                      <southBoundingCoordinate>15.15</southBoundingCoordinate>
                  </boundingCoordinates>
            </geographicCoverage>
      </coverage>
      <maintenance>
          <description>
              <para></para>
          </description>
          <maintenanceUpdateFrequency>unkown</maintenanceUpdateFrequency>
      </maintenance>
      <contact>
    <individualName>
<givenName>Teresa</givenName>        <surName>Mayfield</surName>
    </individualName>
<organizationName>University of Texas at El Paso</organizationName><positionName>Manager, UTEP Biodiversity Collections</positionName>    <address>
<deliveryPoint>500 W. University Avenue, Biology B222</deliveryPoint><city>El Paso</city><administrativeArea>TX</administrativeArea><postalCode>79968-0533</postalCode><country>UNITED_STATES</country>    </address>
<phone>+01 915-747-5479</phone><electronicMailAddress>tmayfield@utep.edu</electronicMailAddress><onlineUrl>https://www.utep.edu/leb/collect/collect.htm</onlineUrl>      </contact>

</dataset>

<additionalMetadata>
    <metadata>
      <gbif>
        <dateStamp>2017-05-14T13:37:26Z</dateStamp>
      <citation>Mayfield T (2016). UTEP Vertebrates. Version 10.1. University of Texas at El Paso Biodiversity Collections. Occurrence Dataset http://doi.org/10.15468/bbj8ad accessed via GBIF.org on 2017-05-14.</citation>
              <formationPeriod>Pleistocene-Holocene</formationPeriod>
        </gbif>
    </metadata>
</additionalMetadata>

</eml:eml>
