<?xml version="1.0" encoding="utf-8"?>
<eml:eml xmlns:eml="eml://ecoinformatics.org/eml-2.1.1" xmlns:xsi="http://www.w3.org/2001/XMLSchema-instance"
         xsi:schemaLocation="eml://ecoinformatics.org/eml-2.1.1 http://rs.gbif.org/schema/eml-gbif-profile/1.1/eml.xsd"
        packageId="e0685eeb-5929-4d41-a2da-20712ee7a82c"  system="http://gbif.org" scope="system"
  xml:lang="es">

<dataset>
      <alternateIdentifier>doi:10.15468/wha8lh</alternateIdentifier>
        <alternateIdentifier>13478</alternateIdentifier>
    <title>Colección nacional de zoología</title>
    <creator>
    <individualName>
<givenName>Aurelio</givenName>        <surName>Sanabria</surName>
    </individualName>
<organizationName>INBio / IABIN SSTN</organizationName><positionName>IPT Administrator</positionName>    </creator>
    <metadataProvider>
    <individualName>
<givenName>Aurelio</givenName>        <surName>Sanabria</surName>
    </individualName>
<organizationName>INBio / IABIN SSTN</organizationName><positionName>IPT Administrator</positionName>    </metadataProvider>
      <pubDate>
      2011-07-19
      </pubDate>
    <language>SPANISH</language>
    <abstract>
        <para>Museo Nacional de Costa Rica - MNCR</para>
    </abstract>
      <intellectualRights>
        <para>This work is licensed under a <ulink url="http://creativecommons.org/licenses/by/4.0/legalcode"><citetitle>Creative Commons Attribution (CC-BY) 4.0 License</citetitle></ulink>.</para>
      </intellectualRights>
      <contact>
    <individualName>
<givenName>Aurelio</givenName>        <surName>Sanabria</surName>
    </individualName>
<organizationName>INBio / IABIN SSTN</organizationName><positionName>IPT Administrator</positionName>      </contact>

</dataset>

<additionalMetadata>
    <metadata>
      <gbif>
        <dateStamp>2017-05-14T13:37:20Z</dateStamp>
      <citation>Sanabria A (2011). Colección nacional de zoología. Museo Nacional de Costa Rica. Occurrence Dataset http://doi.org/10.15468/wha8lh accessed via GBIF.org on 2017-05-14.</citation>
        </gbif>
    </metadata>
</additionalMetadata>

</eml:eml>
